vintage,age,gender,line,table_code,qx,source
2000,0,F,non_pension_type1,CL2,0.000661,"CL(2000-2003), CIRC Notice ????2005?133?"
2000,1,F,non_pension_type1,CL2,0.000536,"CL(2000-2003), CIRC Notice ????2005?133?"
2000,2,F,non_pension_type1,CL2,0.000424,"CL(2000-2003), CIRC Notice ????2005?133?"
2000,3,F,non_pension_type1,CL2,0.000333,"CL(2000-2003), CIRC Notice ????2005?133?"
2000,4,F,non_pension_type1,CL2,0.000267,"CL(2000-2003), CIRC Notice ????2005?133?"
2000,5,F,non_pension_type1,CL2,0.000224,"CL(2000-2003), CIRC Notice ????2005?133?"
2000,6,F,non_pension_type1,CL2,0.000201,"CL(2000-2003), CIRC Notice ????2005?133?"
2000,7,F,non_pension_type1,CL2,0.000189,"CL(2000-2003), CIRC Notice ????2005?133?"
2000,8,F,non_pension_type1,CL2,0.000181,"CL(2000-2003), CIRC Notice ????2005?133?"
2000,9,F,non_pension_type1,CL2,0.000175,"CL(2000-2003), CIRC Notice ????2005?133?"
2000,10,F,non_pension_type1,CL2,0.000169,"CL(2000-2003), CIRC Notice ????2005?133?"
2000,11,F,non_pension_type1,CL2,0.000165,"CL(2000-2003), CIRC Notice ????2005?133?"
2000,12,F,non_pension_type1,CL2,0.000165,"CL(2000-2003), CIRC Notice ????2005?133?"
2000,13,F,non_pension_type1,CL2,0.000169,"CL(2000-2003), CIRC Notice ????2005?133?"
2000,14,F,non_pension_type1,CL2,0.000179,"CL(2000-2003), CIRC Notice ????2005?133?"
2000,15,F,non_pension_type1,CL2,0.000192,"CL(2000-2003), CIRC Notice ????2005?133?"
2000,16,F,non_pension_type1,CL2,0.000208,"CL(2000-2003), CIRC Notice ????2005?133?"
2000,17,F,non_pension_type1,CL2,0.000226,"CL(2000-2003), CIRC Notice ????2005?133?"
2000,18,F,non_pension_type1,CL2,0.000245,"CL(2000-2003), CIRC Notice ????2005?133?"
2000,19,F,non_pension_type1,CL2,0.000264,"CL(2000-2003), CIRC Notice ????2005?133?"
2000,20,F,non_pension_type1,CL2,0.000283,"CL(2000-2003), CIRC Notice ????2005?133?"
2000,21,F,non_pension_type1,CL2,0.0003,"CL(2000-2003), CIRC Notice ????2005?133?"
2000,22,F,non_pension_type1,CL2,0.000315,"CL(2000-2003), CIRC Notice ????2005?133?"
2000,23,F,non_pension_type1,CL2,0.000328,"CL(2000-2003), CIRC Notice ????2005?133?"
2000,24,F,non_pension_type1,CL2,0.000338,"CL(2000-2003), CIRC Notice ????2005?133?"
2000,25,F,non_pension_type1,CL2,0.000347,"CL(2000-2003), CIRC Notice ????2005?133?"
2000,26,F,non_pension_type1,CL2,0.000355,"CL(2000-2003), CIRC Notice ????2005?133?"
2000,27,F,non_pension_type1,CL2,0.000362,"CL(2000-2003), CIRC Notice ????2005?133?"
2000,28,F,non_pension_type1,CL2,0.000372,"CL(2000-2003), CIRC Notice ????2005?133?"
2000,29,F,non_pension_type1,CL2,0.000386,"CL(2000-2003), CIRC Notice ????2005?133?"
2000,30,F,non_pension_type1,CL2,0.000406,"CL(2000-2003), CIRC Notice ????2005?133?"
2000,31,F,non_pension_type1,CL2,0.000432,"CL(2000-2003), CIRC Notice ????2005?133?"
2000,32,F,non_pension_type1,CL2,0.000465,"CL(2000-2003), CIRC Notice ????2005?133?"
2000,33,F,non_pension_type1,CL2,0.000496,"CL(2000-2003), CIRC Notice ????2005?133?"
2000,34,F,non_pension_type1,CL2,0.000528,"CL(2000-2003), CIRC Notice ????2005?133?"
2000,35,F,non_pension_type1,CL2,0.000563,"CL(2000-2003), CIRC Notice ????2005?133?"
2000,36,F,non_pension_type1,CL2,0.000601,"CL(2000-2003), CIRC Notice ????2005?133?"
2000,37,F,non_pension_type1,CL2,0.000646,"CL(2000-2003), CIRC Notice ????2005?133?"
2000,38,F,non_pension_type1,CL2,0.000699,"CL(2000-2003), CIRC Notice ????2005?133?"
2000,39,F,non_pension_type1,CL2,0.000761,"CL(2000-2003), CIRC Notice ????2005?133?"
2000,40,F,non_pension_type1,CL2,0.000828,"CL(2000-2003), CIRC Notice ????2005?133?"
2000,41,F,non_pension_type1,CL2,0.000897,"CL(2000-2003), CIRC Notice ????2005?133?"
2000,42,F,non_pension_type1,CL2,0.000966,"CL(2000-2003), CIRC Notice ????2005?133?"
2000,43,F,non_pension_type1,CL2,0.001033,"CL(2000-2003), CIRC Notice ????2005?133?"
2000,44,F,non_pension_type1,CL2,0.001103,"CL(2000-2003), CIRC Notice ????2005?133?"
2000,45,F,non_pension_type1,CL2,0.001181,"CL(2000-2003), CIRC Notice ????2005?133?"
2000,46,F,non_pension_type1,CL2,0.001274,"CL(2000-2003), CIRC Notice ????2005?133?"
2000,47,F,non_pension_type1,CL2,0.001389,"CL(2000-2003), CIRC Notice ????2005?133?"
2000,48,F,non_pension_type1,CL2,0.001527,"CL(2000-2003), CIRC Notice ????2005?133?"
2000,49,F,non_pension_type1,CL2,0.00169,"CL(2000-2003), CIRC Notice ????2005?133?"
2000,50,F,non_pension_type1,CL2,0.001873,"CL(2000-2003), CIRC Notice ????2005?133?"
2000,51,F,non_pension_type1,CL2,0.002074,"CL(2000-2003), CIRC Notice ????2005?133?"
2000,52,F,non_pension_type1,CL2,0.002295,"CL(2000-2003), CIRC Notice ????2005?133?"
2000,53,F,non_pension_type1,CL2,0.002546,"CL(2000-2003), CIRC Notice ????2005?133?"
2000,54,F,non_pension_type1,CL2,0.002836,"CL(2000-2003), CIRC Notice ????2005?133?"
2000,55,F,non_pension_type1,CL2,0.003178,"CL(2000-2003), CIRC Notice ????2005?133?"
2000,56,F,non_pension_type1,CL2,0.003577,"CL(2000-2003), CIRC Notice ????2005?133?"
2000,57,F,non_pension_type1,CL2,0.004036,"CL(2000-2003), CIRC Notice ????2005?133?"
2000,58,F,non_pension_type1,CL2,0.004556,"CL(2000-2003), CIRC Notice ????2005?133?"
2000,59,F,non_pension_type1,CL2,0.005133,"CL(2000-2003), CIRC Notice ????2005?133?"
2000,60,F,non_pension_type1,CL2,0.005768,"CL(2000-2003), CIRC Notice ????2005?133?"
2000,61,F,non_pension_type1,CL2,0.006465,"CL(2000-2003), CIRC Notice ????2005?133?"
2000,62,F,non_pension_type1,CL2,0.007235,"CL(2000-2003), CIRC Notice ????2005?133?"
2000,63,F,non_pension_type1,CL2,0.008094,"CL(2000-2003), CIRC Notice ????2005?133?"
2000,64,F,non_pension_type1,CL2,0.009059,"CL(2000-2003), CIRC Notice ????2005?133?"
2000,65,F,non_pension_type1,CL2,0.010148,"CL(2000-2003), CIRC Notice ????2005?133?"
2000,66,F,non_pension_type1,CL2,0.011376,"CL(2000-2003), CIRC Notice ????2005?133?"
2000,67,F,non_pension_type1,CL2,0.01276,"CL(2000-2003), CIRC Notice ????2005?133?"
2000,68,F,non_pension_type1,CL2,0.014316,"CL(2000-2003), CIRC Notice ????2005?133?"
2000,69,F,non_pension_type1,CL2,0.016066,"CL(2000-2003), CIRC Notice ????2005?133?"
2000,70,F,non_pension_type1,CL2,0.018033,"CL(2000-2003), CIRC Notice ????2005?133?"
2000,71,F,non_pension_type1,CL2,0.020241,"CL(2000-2003), CIRC Notice ????2005?133?"
2000,72,F,non_pension_type1,CL2,0.022715,"CL(2000-2003), CIRC Notice ????2005?133?"
2000,73,F,non_pension_type1,CL2,0.025479,"CL(2000-2003), CIRC Notice ????2005?133?"
2000,74,F,non_pension_type1,CL2,0.028561,"CL(2000-2003), CIRC Notice ????2005?133?"
2000,75,F,non_pension_type1,CL2,0.031989,"CL(2000-2003), CIRC Notice ????2005?133?"
2000,76,F,non_pension_type1,CL2,0.035796,"CL(2000-2003), CIRC Notice ????2005?133?"
2000,77,F,non_pension_type1,CL2,0.040026,"CL(2000-2003), CIRC Notice ????2005?133?"
2000,78,F,non_pension_type1,CL2,0.044726,"CL(2000-2003), CIRC Notice ????2005?133?"
2000,79,F,non_pension_type1,CL2,0.049954,"CL(2000-2003), CIRC Notice ????2005?133?"
2000,80,F,non_pension_type1,CL2,0.055774,"CL(2000-2003), CIRC Notice ????2005?133?"
2000,81,F,non_pension_type1,CL2,0.062253,"CL(2000-2003), CIRC Notice ????2005?133?"
2000,82,F,non_pension_type1,CL2,0.069494,"CL(2000-2003), CIRC Notice ????2005?133?"
2000,83,F,non_pension_type1,CL2,0.077511,"CL(2000-2003), CIRC Notice ????2005?133?"
2000,84,F,non_pension_type1,CL2,0.086415,"CL(2000-2003), CIRC Notice ????2005?133?"
2000,85,F,non_pension_type1,CL2,0.096294,"CL(2000-2003), CIRC Notice ????2005?133?"
2000,86,F,non_pension_type1,CL2,0.107243,"CL(2000-2003), CIRC Notice ????2005?133?"
2000,87,F,non_pension_type1,CL2,0.119364,"CL(2000-2003), CIRC Notice ????2005?133?"
2000,88,F,non_pension_type1,CL2,0.132763,"CL(2000-2003), CIRC Notice ????2005?133?"
2000,89,F,non_pension_type1,CL2,0.147553,"CL(2000-2003), CIRC Notice ????2005?133?"
2000,90,F,non_pension_type1,CL2,0.16385,"CL(2000-2003), CIRC Notice ????2005?133?"
2000,91,F,non_pension_type1,CL2,0.181775,"CL(2000-2003), CIRC Notice ????2005?133?"
2000,92,F,non_pension_type1,CL2,0.201447,"CL(2000-2003), CIRC Notice ????2005?133?"
2000,93,F,non_pension_type1,CL2,0.222987,"CL(2000-2003), CIRC Notice ????2005?133?"
2000,94,F,non_pension_type1,CL2,0.246507,"CL(2000-2003), CIRC Notice ????2005?133?"
2000,95,F,non_pension_type1,CL2,0.272115,"CL(2000-2003), CIRC Notice ????2005?133?"
2000,96,F,non_pension_type1,CL2,0.299903,"CL(2000-2003), CIRC Notice ????2005?133?"
2000,97,F,non_pension_type1,CL2,0.329942,"CL(2000-2003), CIRC Notice ????2005?133?"
2000,98,F,non_pension_type1,CL2,0.362281,"CL(2000-2003), CIRC Notice ????2005?133?"
2000,99,F,non_pension_type1,CL2,0.396933,"CL(2000-2003), CIRC Notice ????2005?133?"
2000,100,F,non_pension_type1,CL2,0.433869,"CL(2000-2003), CIRC Notice ????2005?133?"
2000,101,F,non_pension_type1,CL2,0.473008,"CL(2000-2003), CIRC Notice ????2005?133?"
2000,102,F,non_pension_type1,CL2,0.514211,"CL(2000-2003), CIRC Notice ????2005?133?"
2000,103,F,non_pension_type1,CL2,0.557269,"CL(2000-2003), CIRC Notice ????2005?133?"
2000,104,F,non_pension_type1,CL2,0.601896,"CL(2000-2003), CIRC Notice ????2005?133?"
2000,105,F,non_pension_type1,CL2,1.0,"CL(2000-2003), CIRC Notice ????2005?133?"
2000,0,M,non_pension_type1,CL1,0.000722,"CL(2000-2003), CIRC Notice ????2005?133?"
2000,1,M,non_pension_type1,CL1,0.000603,"CL(2000-2003), CIRC Notice ????2005?133?"
2000,2,M,non_pension_type1,CL1,0.000499,"CL(2000-2003), CIRC Notice ????2005?133?"
2000,3,M,non_pension_type1,CL1,0.000416,"CL(2000-2003), CIRC Notice ????2005?133?"
2000,4,M,non_pension_type1,CL1,0.000358,"CL(2000-2003), CIRC Notice ????2005?133?"
2000,5,M,non_pension_type1,CL1,0.000323,"CL(2000-2003), CIRC Notice ????2005?133?"
2000,6,M,non_pension_type1,CL1,0.000309,"CL(2000-2003), CIRC Notice ????2005?133?"
2000,7,M,non_pension_type1,CL1,0.000308,"CL(2000-2003), CIRC Notice ????2005?133?"
2000,8,M,non_pension_type1,CL1,0.000311,"CL(2000-2003), CIRC Notice ????2005?133?"
2000,9,M,non_pension_type1,CL1,0.000312,"CL(2000-2003), CIRC Notice ????2005?133?"
2000,10,M,non_pension_type1,CL1,0.000312,"CL(2000-2003), CIRC Notice ????2005?133?"
2000,11,M,non_pension_type1,CL1,0.000312,"CL(2000-2003), CIRC Notice ????2005?133?"
2000,12,M,non_pension_type1,CL1,0.000313,"CL(2000-2003), CIRC Notice ????2005?133?"
2000,13,M,non_pension_type1,CL1,0.00032,"CL(2000-2003), CIRC Notice ????2005?133?"
2000,14,M,non_pension_type1,CL1,0.000336,"CL(2000-2003), CIRC Notice ????2005?133?"
2000,15,M,non_pension_type1,CL1,0.000364,"CL(2000-2003), CIRC Notice ????2005?133?"
2000,16,M,non_pension_type1,CL1,0.000404,"CL(2000-2003), CIRC Notice ????2005?133?"
2000,17,M,non_pension_type1,CL1,0.000455,"CL(2000-2003), CIRC Notice ????2005?133?"
2000,18,M,non_pension_type1,CL1,0.000513,"CL(2000-2003), CIRC Notice ????2005?133?"
2000,19,M,non_pension_type1,CL1,0.000572,"CL(2000-2003), CIRC Notice ????2005?133?"
2000,20,M,non_pension_type1,CL1,0.000621,"CL(2000-2003), CIRC Notice ????2005?133?"
2000,21,M,non_pension_type1,CL1,0.000661,"CL(2000-2003), CIRC Notice ????2005?133?"
2000,22,M,non_pension_type1,CL1,0.000692,"CL(2000-2003), CIRC Notice ????2005?133?"
2000,23,M,non_pension_type1,CL1,0.000716,"CL(2000-2003), CIRC Notice ????2005?133?"
2000,24,M,non_pension_type1,CL1,0.000738,"CL(2000-2003), CIRC Notice ????2005?133?"
2000,25,M,non_pension_type1,CL1,0.000759,"CL(2000-2003), CIRC Notice ????2005?133?"
2000,26,M,non_pension_type1,CL1,0.000779,"CL(2000-2003), CIRC Notice ????2005?133?"
2000,27,M,non_pension_type1,CL1,0.000795,"CL(2000-2003), CIRC Notice ????2005?133?"
2000,28,M,non_pension_type1,CL1,0.000815,"CL(2000-2003), CIRC Notice ????2005?133?"
2000,29,M,non_pension_type1,CL1,0.000842,"CL(2000-2003), CIRC Notice ????2005?133?"
2000,30,M,non_pension_type1,CL1,0.000881,"CL(2000-2003), CIRC Notice ????2005?133?"
2000,31,M,non_pension_type1,CL1,0.000932,"CL(2000-2003), CIRC Notice ????2005?133?"
2000,32,M,non_pension_type1,CL1,0.000994,"CL(2000-2003), CIRC Notice ????2005?133?"
2000,33,M,non_pension_type1,CL1,0.001055,"CL(2000-2003), CIRC Notice ????2005?133?"
2000,34,M,non_pension_type1,CL1,0.001121,"CL(2000-2003), CIRC Notice ????2005?133?"
2000,35,M,non_pension_type1,CL1,0.001194,"CL(2000-2003), CIRC Notice ????2005?133?"
2000,36,M,non_pension_type1,CL1,0.001275,"CL(2000-2003), CIRC Notice ????2005?133?"
2000,37,M,non_pension_type1,CL1,0.001367,"CL(2000-2003), CIRC Notice ????2005?133?"
2000,38,M,non_pension_type1,CL1,0.001472,"CL(2000-2003), CIRC Notice ????2005?133?"
2000,39,M,non_pension_type1,CL1,0.001589,"CL(2000-2003), CIRC Notice ????2005?133?"
2000,40,M,non_pension_type1,CL1,0.001715,"CL(2000-2003), CIRC Notice ????2005?133?"
2000,41,M,non_pension_type1,CL1,0.001845,"CL(2000-2003), CIRC Notice ????2005?133?"
2000,42,M,non_pension_type1,CL1,0.001978,"CL(2000-2003), CIRC Notice ????2005?133?"
2000,43,M,non_pension_type1,CL1,0.002113,"CL(2000-2003), CIRC Notice ????2005?133?"
2000,44,M,non_pension_type1,CL1,0.002255,"CL(2000-2003), CIRC Notice ????2005?133?"
2000,45,M,non_pension_type1,CL1,0.002413,"CL(2000-2003), CIRC Notice ????2005?133?"
2000,46,M,non_pension_type1,CL1,0.002595,"CL(2000-2003), CIRC Notice ????2005?133?"
2000,47,M,non_pension_type1,CL1,0.002805,"CL(2000-2003), CIRC Notice ????2005?133?"
2000,48,M,non_pension_type1,CL1,0.003042,"CL(2000-2003), CIRC Notice ????2005?133?"
2000,49,M,non_pension_type1,CL1,0.003299,"CL(2000-2003), CIRC Notice ????2005?133?"
2000,50,M,non_pension_type1,CL1,0.00357,"CL(2000-2003), CIRC Notice ????2005?133?"
2000,51,M,non_pension_type1,CL1,0.003847,"CL(2000-2003), CIRC Notice ????2005?133?"
2000,52,M,non_pension_type1,CL1,0.004132,"CL(2000-2003), CIRC Notice ????2005?133?"
2000,53,M,non_pension_type1,CL1,0.004434,"CL(2000-2003), CIRC Notice ????2005?133?"
2000,54,M,non_pension_type1,CL1,0.004778,"CL(2000-2003), CIRC Notice ????2005?133?"
2000,55,M,non_pension_type1,CL1,0.005203,"CL(2000-2003), CIRC Notice ????2005?133?"
2000,56,M,non_pension_type1,CL1,0.005744,"CL(2000-2003), CIRC Notice ????2005?133?"
2000,57,M,non_pension_type1,CL1,0.006427,"CL(2000-2003), CIRC Notice ????2005?133?"
2000,58,M,non_pension_type1,CL1,0.00726,"CL(2000-2003), CIRC Notice ????2005?133?"
2000,59,M,non_pension_type1,CL1,0.008229,"CL(2000-2003), CIRC Notice ????2005?133?"
2000,60,M,non_pension_type1,CL1,0.009313,"CL(2000-2003), CIRC Notice ????2005?133?"
2000,61,M,non_pension_type1,CL1,0.01049,"CL(2000-2003), CIRC Notice ????2005?133?"
2000,62,M,non_pension_type1,CL1,0.011747,"CL(2000-2003), CIRC Notice ????2005?133?"
2000,63,M,non_pension_type1,CL1,0.013091,"CL(2000-2003), CIRC Notice ????2005?133?"
2000,64,M,non_pension_type1,CL1,0.014542,"CL(2000-2003), CIRC Notice ????2005?133?"
2000,65,M,non_pension_type1,CL1,0.016134,"CL(2000-2003), CIRC Notice ????2005?133?"
2000,66,M,non_pension_type1,CL1,0.017905,"CL(2000-2003), CIRC Notice ????2005?133?"
2000,67,M,non_pension_type1,CL1,0.019886,"CL(2000-2003), CIRC Notice ????2005?133?"
2000,68,M,non_pension_type1,CL1,0.022103,"CL(2000-2003), CIRC Notice ????2005?133?"
2000,69,M,non_pension_type1,CL1,0.024571,"CL(2000-2003), CIRC Notice ????2005?133?"
2000,70,M,non_pension_type1,CL1,0.027309,"CL(2000-2003), CIRC Notice ????2005?133?"
2000,71,M,non_pension_type1,CL1,0.03034,"CL(2000-2003), CIRC Notice ????2005?133?"
2000,72,M,non_pension_type1,CL1,0.033684,"CL(2000-2003), CIRC Notice ????2005?133?"
2000,73,M,non_pension_type1,CL1,0.037371,"CL(2000-2003), CIRC Notice ????2005?133?"
2000,74,M,non_pension_type1,CL1,0.04143,"CL(2000-2003), CIRC Notice ????2005?133?"
2000,75,M,non_pension_type1,CL1,0.045902,"CL(2000-2003), CIRC Notice ????2005?133?"
2000,76,M,non_pension_type1,CL1,0.050829,"CL(2000-2003), CIRC Notice ????2005?133?"
2000,77,M,non_pension_type1,CL1,0.056262,"CL(2000-2003), CIRC Notice ????2005?133?"
2000,78,M,non_pension_type1,CL1,0.062257,"CL(2000-2003), CIRC Notice ????2005?133?"
2000,79,M,non_pension_type1,CL1,0.068871,"CL(2000-2003), CIRC Notice ????2005?133?"
2000,80,M,non_pension_type1,CL1,0.076187,"CL(2000-2003), CIRC Notice ????2005?133?"
2000,81,M,non_pension_type1,CL1,0.084224,"CL(2000-2003), CIRC Notice ????2005?133?"
2000,82,M,non_pension_type1,CL1,0.093071,"CL(2000-2003), CIRC Notice ????2005?133?"
2000,83,M,non_pension_type1,CL1,0.1028,"CL(2000-2003), CIRC Notice ????2005?133?"
2000,84,M,non_pension_type1,CL1,0.113489,"CL(2000-2003), CIRC Notice ????2005?133?"
2000,85,M,non_pension_type1,CL1,0.125221,"CL(2000-2003), CIRC Notice ????2005?133?"
2000,86,M,non_pension_type1,CL1,0.13808,"CL(2000-2003), CIRC Notice ????2005?133?"
2000,87,M,non_pension_type1,CL1,0.152157,"CL(2000-2003), CIRC Notice ????2005?133?"
2000,88,M,non_pension_type1,CL1,0.167543,"CL(2000-2003), CIRC Notice ????2005?133?"
2000,89,M,non_pension_type1,CL1,0.184333,"CL(2000-2003), CIRC Notice ????2005?133?"
2000,90,M,non_pension_type1,CL1,0.202621,"CL(2000-2003), CIRC Notice ????2005?133?"
2000,91,M,non_pension_type1,CL1,0.2225,"CL(2000-2003), CIRC Notice ????2005?133?"
2000,92,M,non_pension_type1,CL1,0.244059,"CL(2000-2003), CIRC Notice ????2005?133?"
2000,93,M,non_pension_type1,CL1,0.267383,"CL(2000-2003), CIRC Notice ????2005?133?"
2000,94,M,non_pension_type1,CL1,0.292544,"CL(2000-2003), CIRC Notice ????2005?133?"
2000,95,M,non_pension_type1,CL1,0.319604,"CL(2000-2003), CIRC Notice ????2005?133?"
2000,96,M,non_pension_type1,CL1,0.348606,"CL(2000-2003), CIRC Notice ????2005?133?"
2000,97,M,non_pension_type1,CL1,0.379572,"CL(2000-2003), CIRC Notice ????2005?133?"
2000,98,M,non_pension_type1,CL1,0.412495,"CL(2000-2003), CIRC Notice ????2005?133?"
2000,99,M,non_pension_type1,CL1,0.447334,"CL(2000-2003), CIRC Notice ????2005?133?"
2000,100,M,non_pension_type1,CL1,0.48401,"CL(2000-2003), CIRC Notice ????2005?133?"
2000,101,M,non_pension_type1,CL1,0.522397,"CL(2000-2003), CIRC Notice ????2005?133?"
2000,102,M,non_pension_type1,CL1,0.562317,"CL(2000-2003), CIRC Notice ????2005?133?"
2000,103,M,non_pension_type1,CL1,0.603539,"CL(2000-2003), CIRC Notice ????2005?133?"
2000,104,M,non_pension_type1,CL1,0.64577,"CL(2000-2003), CIRC Notice ????2005?133?"
2000,105,M,non_pension_type1,CL1,1.0,"CL(2000-2003), CIRC Notice ????2005?133?"
2000,0,F,pension,CL4,0.000575,"CL(2000-2003), CIRC Notice ????2005?133?"
2000,1,F,pension,CL4,0.000466,"CL(2000-2003), CIRC Notice ????2005?133?"
2000,2,F,pension,CL4,0.000369,"CL(2000-2003), CIRC Notice ????2005?133?"
2000,3,F,pension,CL4,0.00029,"CL(2000-2003), CIRC Notice ????2005?133?"
2000,4,F,pension,CL4,0.000232,"CL(2000-2003), CIRC Notice ????2005?133?"
2000,5,F,pension,CL4,0.000195,"CL(2000-2003), CIRC Notice ????2005?133?"
2000,6,F,pension,CL4,0.000175,"CL(2000-2003), CIRC Notice ????2005?133?"
2000,7,F,pension,CL4,0.000164,"CL(2000-2003), CIRC Notice ????2005?133?"
2000,8,F,pension,CL4,0.000158,"CL(2000-2003), CIRC Notice ????2005?133?"
2000,9,F,pension,CL4,0.000152,"CL(2000-2003), CIRC Notice ????2005?133?"
2000,10,F,pension,CL4,0.000147,"CL(2000-2003), CIRC Notice ????2005?133?"
2000,11,F,pension,CL4,0.000143,"CL(2000-2003), CIRC Notice ????2005?133?"
2000,12,F,pension,CL4,0.000143,"CL(2000-2003), CIRC Notice ????2005?133?"
2000,13,F,pension,CL4,0.000147,"CL(2000-2003), CIRC Notice ????2005?133?"
2000,14,F,pension,CL4,0.000156,"CL(2000-2003), CIRC Notice ????2005?133?"
2000,15,F,pension,CL4,0.000167,"CL(2000-2003), CIRC Notice ????2005?133?"
2000,16,F,pension,CL4,0.000181,"CL(2000-2003), CIRC Notice ????2005?133?"
2000,17,F,pension,CL4,0.000196,"CL(2000-2003), CIRC Notice ????2005?133?"
2000,18,F,pension,CL4,0.000213,"CL(2000-2003), CIRC Notice ????2005?133?"
2000,19,F,pension,CL4,0.00023,"CL(2000-2003), CIRC Notice ????2005?133?"
2000,20,F,pension,CL4,0.000246,"CL(2000-2003), CIRC Notice ????2005?133?"
2000,21,F,pension,CL4,0.000261,"CL(2000-2003), CIRC Notice ????2005?133?"
2000,22,F,pension,CL4,0.000274,"CL(2000-2003), CIRC Notice ????2005?133?"
2000,23,F,pension,CL4,0.000285,"CL(2000-2003), CIRC Notice ????2005?133?"
2000,24,F,pension,CL4,0.000293,"CL(2000-2003), CIRC Notice ????2005?133?"
2000,25,F,pension,CL4,0.000301,"CL(2000-2003), CIRC Notice ????2005?133?"
2000,26,F,pension,CL4,0.000308,"CL(2000-2003), CIRC Notice ????2005?133?"
2000,27,F,pension,CL4,0.000316,"CL(2000-2003), CIRC Notice ????2005?133?"
2000,28,F,pension,CL4,0.000325,"CL(2000-2003), CIRC Notice ????2005?133?"
2000,29,F,pension,CL4,0.000337,"CL(2000-2003), CIRC Notice ????2005?133?"
2000,30,F,pension,CL4,0.000351,"CL(2000-2003), CIRC Notice ????2005?133?"
2000,31,F,pension,CL4,0.000366,"CL(2000-2003), CIRC Notice ????2005?133?"
2000,32,F,pension,CL4,0.000384,"CL(2000-2003), CIRC Notice ????2005?133?"
2000,33,F,pension,CL4,0.000402,"CL(2000-2003), CIRC Notice ????2005?133?"
2000,34,F,pension,CL4,0.000421,"CL(2000-2003), CIRC Notice ????2005?133?"
2000,35,F,pension,CL4,0.000441,"CL(2000-2003), CIRC Notice ????2005?133?"
2000,36,F,pension,CL4,0.000464,"CL(2000-2003), CIRC Notice ????2005?133?"
2000,37,F,pension,CL4,0.000493,"CL(2000-2003), CIRC Notice ????2005?133?"
2000,38,F,pension,CL4,0.000528,"CL(2000-2003), CIRC Notice ????2005?133?"
2000,39,F,pension,CL4,0.000569,"CL(2000-2003), CIRC Notice ????2005?133?"
2000,40,F,pension,CL4,0.000615,"CL(2000-2003), CIRC Notice ????2005?133?"
2000,41,F,pension,CL4,0.000664,"CL(2000-2003), CIRC Notice ????2005?133?"
2000,42,F,pension,CL4,0.000714,"CL(2000-2003), CIRC Notice ????2005?133?"
2000,43,F,pension,CL4,0.000763,"CL(2000-2003), CIRC Notice ????2005?133?"
2000,44,F,pension,CL4,0.000815,"CL(2000-2003), CIRC Notice ????2005?133?"
2000,45,F,pension,CL4,0.000873,"CL(2000-2003), CIRC Notice ????2005?133?"
2000,46,F,pension,CL4,0.000942,"CL(2000-2003), CIRC Notice ????2005?133?"
2000,47,F,pension,CL4,0.001014,"CL(2000-2003), CIRC Notice ????2005?133?"
2000,48,F,pension,CL4,0.001123,"CL(2000-2003), CIRC Notice ????2005?133?"
2000,49,F,pension,CL4,0.001251,"CL(2000-2003), CIRC Notice ????2005?133?"
2000,50,F,pension,CL4,0.001393,"CL(2000-2003), CIRC Notice ????2005?133?"
2000,51,F,pension,CL4,0.001548,"CL(2000-2003), CIRC Notice ????2005?133?"
2000,52,F,pension,CL4,0.001714,"CL(2000-2003), CIRC Notice ????2005?133?"
2000,53,F,pension,CL4,0.001893,"CL(2000-2003), CIRC Notice ????2005?133?"
2000,54,F,pension,CL4,0.002093,"CL(2000-2003), CIRC Notice ????2005?133?"
2000,55,F,pension,CL4,0.002318,"CL(2000-2003), CIRC Notice ????2005?133?"
2000,56,F,pension,CL4,0.002607,"CL(2000-2003), CIRC Notice ????2005?133?"
2000,57,F,pension,CL4,0.002979,"CL(2000-2003), CIRC Notice ????2005?133?"
2000,58,F,pension,CL4,0.00341,"CL(2000-2003), CIRC Notice ????2005?133?"
2000,59,F,pension,CL4,0.003816,"CL(2000-2003), CIRC Notice ????2005?133?"
2000,60,F,pension,CL4,0.004272,"CL(2000-2003), CIRC Notice ????2005?133?"
2000,61,F,pension,CL4,0.004781,"CL(2000-2003), CIRC Notice ????2005?133?"
2000,62,F,pension,CL4,0.005351,"CL(2000-2003), CIRC Notice ????2005?133?"
2000,63,F,pension,CL4,0.005988,"CL(2000-2003), CIRC Notice ????2005?133?"
2000,64,F,pension,CL4,0.006701,"CL(2000-2003), CIRC Notice ????2005?133?"
2000,65,F,pension,CL4,0.007499,"CL(2000-2003), CIRC Notice ????2005?133?"
2000,66,F,pension,CL4,0.008408,"CL(2000-2003), CIRC Notice ????2005?133?"
2000,67,F,pension,CL4,0.009438,"CL(2000-2003), CIRC Notice ????2005?133?"
2000,68,F,pension,CL4,0.010592,"CL(2000-2003), CIRC Notice ????2005?133?"
2000,69,F,pension,CL4,0.011886,"CL(2000-2003), CIRC Notice ????2005?133?"
2000,70,F,pension,CL4,0.013337,"CL(2000-2003), CIRC Notice ????2005?133?"
2000,71,F,pension,CL4,0.014964,"CL(2000-2003), CIRC Notice ????2005?133?"
2000,72,F,pension,CL4,0.016787,"CL(2000-2003), CIRC Notice ????2005?133?"
2000,73,F,pension,CL4,0.018829,"CL(2000-2003), CIRC Notice ????2005?133?"
2000,74,F,pension,CL4,0.021117,"CL(2000-2003), CIRC Notice ????2005?133?"
2000,75,F,pension,CL4,0.023702,"CL(2000-2003), CIRC Notice ????2005?133?"
2000,76,F,pension,CL4,0.026491,"CL(2000-2003), CIRC Notice ????2005?133?"
2000,77,F,pension,CL4,0.029602,"CL(2000-2003), CIRC Notice ????2005?133?"
2000,78,F,pension,CL4,0.03307,"CL(2000-2003), CIRC Notice ????2005?133?"
2000,79,F,pension,CL4,0.036935,"CL(2000-2003), CIRC Notice ????2005?133?"
2000,80,F,pension,CL4,0.041241,"CL(2000-2003), CIRC Notice ????2005?133?"
2000,81,F,pension,CL4,0.046033,"CL(2000-2003), CIRC Notice ????2005?133?"
2000,82,F,pension,CL4,0.051365,"CL(2000-2003), CIRC Notice ????2005?133?"
2000,83,F,pension,CL4,0.057291,"CL(2000-2003), CIRC Notice ????2005?133?"
2000,84,F,pension,CL4,0.063872,"CL(2000-2003), CIRC Notice ????2005?133?"
2000,85,F,pension,CL4,0.071174,"CL(2000-2003), CIRC Notice ????2005?133?"
2000,86,F,pension,CL4,0.079267,"CL(2000-2003), CIRC Notice ????2005?133?"
2000,87,F,pension,CL4,0.088225,"CL(2000-2003), CIRC Notice ????2005?133?"
2000,88,F,pension,CL4,0.098129,"CL(2000-2003), CIRC Notice ????2005?133?"
2000,89,F,pension,CL4,0.109061,"CL(2000-2003), CIRC Notice ????2005?133?"
2000,90,F,pension,CL4,0.121107,"CL(2000-2003), CIRC Notice ????2005?133?"
2000,91,F,pension,CL4,0.134355,"CL(2000-2003), CIRC Notice ????2005?133?"
2000,92,F,pension,CL4,0.148896,"CL(2000-2003), CIRC Notice ????2005?133?"
2000,93,F,pension,CL4,0.164816,"CL(2000-2003), CIRC Notice ????2005?133?"
2000,94,F,pension,CL4,0.182201,"CL(2000-2003), CIRC Notice ????2005?133?"
2000,95,F,pension,CL4,0.201129,"CL(2000-2003), CIRC Notice ????2005?133?"
2000,96,F,pension,CL4,0.221667,"CL(2000-2003), CIRC Notice ????2005?133?"
2000,97,F,pension,CL4,0.24387,"CL(2000-2003), CIRC Notice ????2005?133?"
2000,98,F,pension,CL4,0.267773,"CL(2000-2003), CIRC Notice ????2005?133?"
2000,99,F,pension,CL4,0.293385,"CL(2000-2003), CIRC Notice ????2005?133?"
2000,100,F,pension,CL4,0.320685,"CL(2000-2003), CIRC Notice ????2005?133?"
2000,101,F,pension,CL4,0.349615,"CL(2000-2003), CIRC Notice ????2005?133?"
2000,102,F,pension,CL4,0.380069,"CL(2000-2003), CIRC Notice ????2005?133?"
2000,103,F,pension,CL4,0.411894,"CL(2000-2003), CIRC Notice ????2005?133?"
2000,104,F,pension,CL4,0.444879,"CL(2000-2003), CIRC Notice ????2005?133?"
2000,105,F,pension,CL4,1.0,"CL(2000-2003), CIRC Notice ????2005?133?"
2000,0,M,pension,CL3,0.000627,"CL(2000-2003), CIRC Notice ????2005?133?"
2000,1,M,pension,CL3,0.000525,"CL(2000-2003), CIRC Notice ????2005?133?"
2000,2,M,pension,CL3,0.000434,"CL(2000-2003), CIRC Notice ????2005?133?"
2000,3,M,pension,CL3,0.000362,"CL(2000-2003), CIRC Notice ????2005?133?"
2000,4,M,pension,CL3,0.000311,"CL(2000-2003), CIRC Notice ????2005?133?"
2000,5,M,pension,CL3,0.000281,"CL(2000-2003), CIRC Notice ????2005?133?"
2000,6,M,pension,CL3,0.000269,"CL(2000-2003), CIRC Notice ????2005?133?"
2000,7,M,pension,CL3,0.000268,"CL(2000-2003), CIRC Notice ????2005?133?"
2000,8,M,pension,CL3,0.00027,"CL(2000-2003), CIRC Notice ????2005?133?"
2000,9,M,pension,CL3,0.000271,"CL(2000-2003), CIRC Notice ????2005?133?"
2000,10,M,pension,CL3,0.000272,"CL(2000-2003), CIRC Notice ????2005?133?"
2000,11,M,pension,CL3,0.000271,"CL(2000-2003), CIRC Notice ????2005?133?"
2000,12,M,pension,CL3,0.000272,"CL(2000-2003), CIRC Notice ????2005?133?"
2000,13,M,pension,CL3,0.000278,"CL(2000-2003), CIRC Notice ????2005?133?"
2000,14,M,pension,CL3,0.000292,"CL(2000-2003), CIRC Notice ????2005?133?"
2000,15,M,pension,CL3,0.000316,"CL(2000-2003), CIRC Notice ????2005?133?"
2000,16,M,pension,CL3,0.000351,"CL(2000-2003), CIRC Notice ????2005?133?"
2000,17,M,pension,CL3,0.000396,"CL(2000-2003), CIRC Notice ????2005?133?"
2000,18,M,pension,CL3,0.000446,"CL(2000-2003), CIRC Notice ????2005?133?"
2000,19,M,pension,CL3,0.000497,"CL(2000-2003), CIRC Notice ????2005?133?"
2000,20,M,pension,CL3,0.00054,"CL(2000-2003), CIRC Notice ????2005?133?"
2000,21,M,pension,CL3,0.000575,"CL(2000-2003), CIRC Notice ????2005?133?"
2000,22,M,pension,CL3,0.000601,"CL(2000-2003), CIRC Notice ????2005?133?"
2000,23,M,pension,CL3,0.000623,"CL(2000-2003), CIRC Notice ????2005?133?"
2000,24,M,pension,CL3,0.000643,"CL(2000-2003), CIRC Notice ????2005?133?"
2000,25,M,pension,CL3,0.00066,"CL(2000-2003), CIRC Notice ????2005?133?"
2000,26,M,pension,CL3,0.000676,"CL(2000-2003), CIRC Notice ????2005?133?"
2000,27,M,pension,CL3,0.000693,"CL(2000-2003), CIRC Notice ????2005?133?"
2000,28,M,pension,CL3,0.000712,"CL(2000-2003), CIRC Notice ????2005?133?"
2000,29,M,pension,CL3,0.000734,"CL(2000-2003), CIRC Notice ????2005?133?"
2000,30,M,pension,CL3,0.000759,"CL(2000-2003), CIRC Notice ????2005?133?"
2000,31,M,pension,CL3,0.000788,"CL(2000-2003), CIRC Notice ????2005?133?"
2000,32,M,pension,CL3,0.00082,"CL(2000-2003), CIRC Notice ????2005?133?"
2000,33,M,pension,CL3,0.000855,"CL(2000-2003), CIRC Notice ????2005?133?"
2000,34,M,pension,CL3,0.000893,"CL(2000-2003), CIRC Notice ????2005?133?"
2000,35,M,pension,CL3,0.000936,"CL(2000-2003), CIRC Notice ????2005?133?"
2000,36,M,pension,CL3,0.000985,"CL(2000-2003), CIRC Notice ????2005?133?"
2000,37,M,pension,CL3,0.001043,"CL(2000-2003), CIRC Notice ????2005?133?"
2000,38,M,pension,CL3,0.001111,"CL(2000-2003), CIRC Notice ????2005?133?"
2000,39,M,pension,CL3,0.001189,"CL(2000-2003), CIRC Notice ????2005?133?"
2000,40,M,pension,CL3,0.001275,"CL(2000-2003), CIRC Notice ????2005?133?"
2000,41,M,pension,CL3,0.001366,"CL(2000-2003), CIRC Notice ????2005?133?"
2000,42,M,pension,CL3,0.001461,"CL(2000-2003), CIRC Notice ????2005?133?"
2000,43,M,pension,CL3,0.00156,"CL(2000-2003), CIRC Notice ????2005?133?"
2000,44,M,pension,CL3,0.001665,"CL(2000-2003), CIRC Notice ????2005?133?"
2000,45,M,pension,CL3,0.001783,"CL(2000-2003), CIRC Notice ????2005?133?"
2000,46,M,pension,CL3,0.001918,"CL(2000-2003), CIRC Notice ????2005?133?"
2000,47,M,pension,CL3,0.002055,"CL(2000-2003), CIRC Notice ????2005?133?"
2000,48,M,pension,CL3,0.002238,"CL(2000-2003), CIRC Notice ????2005?133?"
2000,49,M,pension,CL3,0.002446,"CL(2000-2003), CIRC Notice ????2005?133?"
2000,50,M,pension,CL3,0.002666,"CL(2000-2003), CIRC Notice ????2005?133?"
2000,51,M,pension,CL3,0.00288,"CL(2000-2003), CIRC Notice ????2005?133?"
2000,52,M,pension,CL3,0.003085,"CL(2000-2003), CIRC Notice ????2005?133?"
2000,53,M,pension,CL3,0.0033,"CL(2000-2003), CIRC Notice ????2005?133?"
2000,54,M,pension,CL3,0.003545,"CL(2000-2003), CIRC Notice ????2005?133?"
2000,55,M,pension,CL3,0.003838,"CL(2000-2003), CIRC Notice ????2005?133?"
2000,56,M,pension,CL3,0.004207,"CL(2000-2003), CIRC Notice ????2005?133?"
2000,57,M,pension,CL3,0.004676,"CL(2000-2003), CIRC Notice ????2005?133?"
2000,58,M,pension,CL3,0.005275,"CL(2000-2003), CIRC Notice ????2005?133?"
2000,59,M,pension,CL3,0.006039,"CL(2000-2003), CIRC Notice ????2005?133?"
2000,60,M,pension,CL3,0.006989,"CL(2000-2003), CIRC Notice ????2005?133?"
2000,61,M,pension,CL3,0.007867,"CL(2000-2003), CIRC Notice ????2005?133?"
2000,62,M,pension,CL3,0.008725,"CL(2000-2003), CIRC Notice ????2005?133?"
2000,63,M,pension,CL3,0.009677,"CL(2000-2003), CIRC Notice ????2005?133?"
2000,64,M,pension,CL3,0.010731,"CL(2000-2003), CIRC Notice ????2005?133?"
2000,65,M,pension,CL3,0.0119,"CL(2000-2003), CIRC Notice ????2005?133?"
2000,66,M,pension,CL3,0.013229,"CL(2000-2003), CIRC Notice ????2005?133?"
2000,67,M,pension,CL3,0.014705,"CL(2000-2003), CIRC Notice ????2005?133?"
2000,68,M,pension,CL3,0.016344,"CL(2000-2003), CIRC Notice ????2005?133?"
2000,69,M,pension,CL3,0.018164,"CL(2000-2003), CIRC Notice ????2005?133?"
2000,70,M,pension,CL3,0.020184,"CL(2000-2003), CIRC Notice ????2005?133?"
2000,71,M,pension,CL3,0.022425,"CL(2000-2003), CIRC Notice ????2005?133?"
2000,72,M,pension,CL3,0.024911,"CL(2000-2003), CIRC Notice ????2005?133?"
2000,73,M,pension,CL3,0.027668,"CL(2000-2003), CIRC Notice ????2005?133?"
2000,74,M,pension,CL3,0.030647,"CL(2000-2003), CIRC Notice ????2005?133?"
2000,75,M,pension,CL3,0.033939,"CL(2000-2003), CIRC Notice ????2005?133?"
2000,76,M,pension,CL3,0.037577,"CL(2000-2003), CIRC Notice ????2005?133?"
2000,77,M,pension,CL3,0.041594,"CL(2000-2003), CIRC Notice ????2005?133?"
2000,78,M,pension,CL3,0.046028,"CL(2000-2003), CIRC Notice ????2005?133?"
2000,79,M,pension,CL3,0.05092,"CL(2000-2003), CIRC Notice ????2005?133?"
2000,80,M,pension,CL3,0.056312,"CL(2000-2003), CIRC Notice ????2005?133?"
2000,81,M,pension,CL3,0.062253,"CL(2000-2003), CIRC Notice ????2005?133?"
2000,82,M,pension,CL3,0.068791,"CL(2000-2003), CIRC Notice ????2005?133?"
2000,83,M,pension,CL3,0.075983,"CL(2000-2003), CIRC Notice ????2005?133?"
2000,84,M,pension,CL3,0.083883,"CL(2000-2003), CIRC Notice ????2005?133?"
2000,85,M,pension,CL3,0.092554,"CL(2000-2003), CIRC Notice ????2005?133?"
2000,86,M,pension,CL3,0.102059,"CL(2000-2003), CIRC Notice ????2005?133?"
2000,87,M,pension,CL3,0.112464,"CL(2000-2003), CIRC Notice ????2005?133?"
2000,88,M,pension,CL3,0.123836,"CL(2000-2003), CIRC Notice ????2005?133?"
2000,89,M,pension,CL3,0.136246,"CL(2000-2003), CIRC Notice ????2005?133?"
2000,90,M,pension,CL3,0.149763,"CL(2000-2003), CIRC Notice ????2005?133?"
2000,91,M,pension,CL3,0.164456,"CL(2000-2003), CIRC Notice ????2005?133?"
2000,92,M,pension,CL3,0.180392,"CL(2000-2003), CIRC Notice ????2005?133?"
2000,93,M,pension,CL3,0.197631,"CL(2000-2003), CIRC Notice ????2005?133?"
2000,94,M,pension,CL3,0.216228,"CL(2000-2003), CIRC Notice ????2005?133?"
2000,95,M,pension,CL3,0.236229,"CL(2000-2003), CIRC Notice ????2005?133?"
2000,96,M,pension,CL3,0.257666,"CL(2000-2003), CIRC Notice ????2005?133?"
2000,97,M,pension,CL3,0.280553,"CL(2000-2003), CIRC Notice ????2005?133?"
2000,98,M,pension,CL3,0.304887,"CL(2000-2003), CIRC Notice ????2005?133?"
2000,99,M,pension,CL3,0.330638,"CL(2000-2003), CIRC Notice ????2005?133?"
2000,100,M,pension,CL3,0.357746,"CL(2000-2003), CIRC Notice ????2005?133?"
2000,101,M,pension,CL3,0.386119,"CL(2000-2003), CIRC Notice ????2005?133?"
2000,102,M,pension,CL3,0.415626,"CL(2000-2003), CIRC Notice ????2005?133?"
2000,103,M,pension,CL3,0.446094,"CL(2000-2003), CIRC Notice ????2005?133?"
2000,104,M,pension,CL3,0.477308,"CL(2000-2003), CIRC Notice ????2005?133?"
2000,105,M,pension,CL3,1.0,"CL(2000-2003), CIRC Notice ????2005?133?"
2010,0,F,non_pension_type1,CL2,0.00062,"CL(2010-2013), CIRC Notice ????2016?107?"
2010,1,F,non_pension_type1,CL2,0.000456,"CL(2010-2013), CIRC Notice ????2016?107?"
2010,2,F,non_pension_type1,CL2,0.000337,"CL(2010-2013), CIRC Notice ????2016?107?"
2010,3,F,non_pension_type1,CL2,0.000256,"CL(2010-2013), CIRC Notice ????2016?107?"
2010,4,F,non_pension_type1,CL2,0.000203,"CL(2010-2013), CIRC Notice ????2016?107?"
2010,5,F,non_pension_type1,CL2,0.00017,"CL(2010-2013), CIRC Notice ????2016?107?"
2010,6,F,non_pension_type1,CL2,0.000149,"CL(2010-2013), CIRC Notice ????2016?107?"
2010,7,F,non_pension_type1,CL2,0.000137,"CL(2010-2013), CIRC Notice ????2016?107?"
2010,8,F,non_pension_type1,CL2,0.000133,"CL(2010-2013), CIRC Notice ????2016?107?"
2010,9,F,non_pension_type1,CL2,0.000136,"CL(2010-2013), CIRC Notice ????2016?107?"
2010,10,F,non_pension_type1,CL2,0.000145,"CL(2010-2013), CIRC Notice ????2016?107?"
2010,11,F,non_pension_type1,CL2,0.000157,"CL(2010-2013), CIRC Notice ????2016?107?"
2010,12,F,non_pension_type1,CL2,0.000172,"CL(2010-2013), CIRC Notice ????2016?107?"
2010,13,F,non_pension_type1,CL2,0.000189,"CL(2010-2013), CIRC Notice ????2016?107?"
2010,14,F,non_pension_type1,CL2,0.000206,"CL(2010-2013), CIRC Notice ????2016?107?"
2010,15,F,non_pension_type1,CL2,0.000221,"CL(2010-2013), CIRC Notice ????2016?107?"
2010,16,F,non_pension_type1,CL2,0.000234,"CL(2010-2013), CIRC Notice ????2016?107?"
2010,17,F,non_pension_type1,CL2,0.000245,"CL(2010-2013), CIRC Notice ????2016?107?"
2010,18,F,non_pension_type1,CL2,0.000255,"CL(2010-2013), CIRC Notice ????2016?107?"
2010,19,F,non_pension_type1,CL2,0.000262,"CL(2010-2013), CIRC Notice ????2016?107?"
2010,20,F,non_pension_type1,CL2,0.000269,"CL(2010-2013), CIRC Notice ????2016?107?"
2010,21,F,non_pension_type1,CL2,0.000274,"CL(2010-2013), CIRC Notice ????2016?107?"
2010,22,F,non_pension_type1,CL2,0.000279,"CL(2010-2013), CIRC Notice ????2016?107?"
2010,23,F,non_pension_type1,CL2,0.000284,"CL(2010-2013), CIRC Notice ????2016?107?"
2010,24,F,non_pension_type1,CL2,0.000289,"CL(2010-2013), CIRC Notice ????2016?107?"
2010,25,F,non_pension_type1,CL2,0.000294,"CL(2010-2013), CIRC Notice ????2016?107?"
2010,26,F,non_pension_type1,CL2,0.0003,"CL(2010-2013), CIRC Notice ????2016?107?"
2010,27,F,non_pension_type1,CL2,0.000307,"CL(2010-2013), CIRC Notice ????2016?107?"
2010,28,F,non_pension_type1,CL2,0.000316,"CL(2010-2013), CIRC Notice ????2016?107?"
2010,29,F,non_pension_type1,CL2,0.000327,"CL(2010-2013), CIRC Notice ????2016?107?"
2010,30,F,non_pension_type1,CL2,0.00034,"CL(2010-2013), CIRC Notice ????2016?107?"
2010,31,F,non_pension_type1,CL2,0.000356,"CL(2010-2013), CIRC Notice ????2016?107?"
2010,32,F,non_pension_type1,CL2,0.000374,"CL(2010-2013), CIRC Notice ????2016?107?"
2010,33,F,non_pension_type1,CL2,0.000397,"CL(2010-2013), CIRC Notice ????2016?107?"
2010,34,F,non_pension_type1,CL2,0.000423,"CL(2010-2013), CIRC Notice ????2016?107?"
2010,35,F,non_pension_type1,CL2,0.000454,"CL(2010-2013), CIRC Notice ????2016?107?"
2010,36,F,non_pension_type1,CL2,0.000489,"CL(2010-2013), CIRC Notice ????2016?107?"
2010,37,F,non_pension_type1,CL2,0.00053,"CL(2010-2013), CIRC Notice ????2016?107?"
2010,38,F,non_pension_type1,CL2,0.000577,"CL(2010-2013), CIRC Notice ????2016?107?"
2010,39,F,non_pension_type1,CL2,0.000631,"CL(2010-2013), CIRC Notice ????2016?107?"
2010,40,F,non_pension_type1,CL2,0.000692,"CL(2010-2013), CIRC Notice ????2016?107?"
2010,41,F,non_pension_type1,CL2,0.000762,"CL(2010-2013), CIRC Notice ????2016?107?"
2010,42,F,non_pension_type1,CL2,0.000841,"CL(2010-2013), CIRC Notice ????2016?107?"
2010,43,F,non_pension_type1,CL2,0.000929,"CL(2010-2013), CIRC Notice ????2016?107?"
2010,44,F,non_pension_type1,CL2,0.001028,"CL(2010-2013), CIRC Notice ????2016?107?"
2010,45,F,non_pension_type1,CL2,0.001137,"CL(2010-2013), CIRC Notice ????2016?107?"
2010,46,F,non_pension_type1,CL2,0.001259,"CL(2010-2013), CIRC Notice ????2016?107?"
2010,47,F,non_pension_type1,CL2,0.001392,"CL(2010-2013), CIRC Notice ????2016?107?"
2010,48,F,non_pension_type1,CL2,0.001537,"CL(2010-2013), CIRC Notice ????2016?107?"
2010,49,F,non_pension_type1,CL2,0.001692,"CL(2010-2013), CIRC Notice ????2016?107?"
2010,50,F,non_pension_type1,CL2,0.001859,"CL(2010-2013), CIRC Notice ????2016?107?"
2010,51,F,non_pension_type1,CL2,0.002037,"CL(2010-2013), CIRC Notice ????2016?107?"
2010,52,F,non_pension_type1,CL2,0.002226,"CL(2010-2013), CIRC Notice ????2016?107?"
2010,53,F,non_pension_type1,CL2,0.002424,"CL(2010-2013), CIRC Notice ????2016?107?"
2010,54,F,non_pension_type1,CL2,0.002634,"CL(2010-2013), CIRC Notice ????2016?107?"
2010,55,F,non_pension_type1,CL2,0.002853,"CL(2010-2013), CIRC Notice ????2016?107?"
2010,56,F,non_pension_type1,CL2,0.003085,"CL(2010-2013), CIRC Notice ????2016?107?"
2010,57,F,non_pension_type1,CL2,0.003342,"CL(2010-2013), CIRC Notice ????2016?107?"
2010,58,F,non_pension_type1,CL2,0.003638,"CL(2010-2013), CIRC Notice ????2016?107?"
2010,59,F,non_pension_type1,CL2,0.00399,"CL(2010-2013), CIRC Notice ????2016?107?"
2010,60,F,non_pension_type1,CL2,0.004414,"CL(2010-2013), CIRC Notice ????2016?107?"
2010,61,F,non_pension_type1,CL2,0.004923,"CL(2010-2013), CIRC Notice ????2016?107?"
2010,62,F,non_pension_type1,CL2,0.005529,"CL(2010-2013), CIRC Notice ????2016?107?"
2010,63,F,non_pension_type1,CL2,0.006244,"CL(2010-2013), CIRC Notice ????2016?107?"
2010,64,F,non_pension_type1,CL2,0.007078,"CL(2010-2013), CIRC Notice ????2016?107?"
2010,65,F,non_pension_type1,CL2,0.008045,"CL(2010-2013), CIRC Notice ????2016?107?"
2010,66,F,non_pension_type1,CL2,0.009165,"CL(2010-2013), CIRC Notice ????2016?107?"
2010,67,F,non_pension_type1,CL2,0.01046,"CL(2010-2013), CIRC Notice ????2016?107?"
2010,68,F,non_pension_type1,CL2,0.011955,"CL(2010-2013), CIRC Notice ????2016?107?"
2010,69,F,non_pension_type1,CL2,0.013674,"CL(2010-2013), CIRC Notice ????2016?107?"
2010,70,F,non_pension_type1,CL2,0.015643,"CL(2010-2013), CIRC Notice ????2016?107?"
2010,71,F,non_pension_type1,CL2,0.017887,"CL(2010-2013), CIRC Notice ????2016?107?"
2010,72,F,non_pension_type1,CL2,0.020432,"CL(2010-2013), CIRC Notice ????2016?107?"
2010,73,F,non_pension_type1,CL2,0.023303,"CL(2010-2013), CIRC Notice ????2016?107?"
2010,74,F,non_pension_type1,CL2,0.026528,"CL(2010-2013), CIRC Notice ????2016?107?"
2010,75,F,non_pension_type1,CL2,0.030137,"CL(2010-2013), CIRC Notice ????2016?107?"
2010,76,F,non_pension_type1,CL2,0.034165,"CL(2010-2013), CIRC Notice ????2016?107?"
2010,77,F,non_pension_type1,CL2,0.038653,"CL(2010-2013), CIRC Notice ????2016?107?"
2010,78,F,non_pension_type1,CL2,0.043648,"CL(2010-2013), CIRC Notice ????2016?107?"
2010,79,F,non_pension_type1,CL2,0.049205,"CL(2010-2013), CIRC Notice ????2016?107?"
2010,80,F,non_pension_type1,CL2,0.055385,"CL(2010-2013), CIRC Notice ????2016?107?"
2010,81,F,non_pension_type1,CL2,0.062254,"CL(2010-2013), CIRC Notice ????2016?107?"
2010,82,F,non_pension_type1,CL2,0.06988,"CL(2010-2013), CIRC Notice ????2016?107?"
2010,83,F,non_pension_type1,CL2,0.07832,"CL(2010-2013), CIRC Notice ????2016?107?"
2010,84,F,non_pension_type1,CL2,0.087611,"CL(2010-2013), CIRC Notice ????2016?107?"
2010,85,F,non_pension_type1,CL2,0.097754,"CL(2010-2013), CIRC Notice ????2016?107?"
2010,86,F,non_pension_type1,CL2,0.108704,"CL(2010-2013), CIRC Notice ????2016?107?"
2010,87,F,non_pension_type1,CL2,0.120371,"CL(2010-2013), CIRC Notice ????2016?107?"
2010,88,F,non_pension_type1,CL2,0.132638,"CL(2010-2013), CIRC Notice ????2016?107?"
2010,89,F,non_pension_type1,CL2,0.145395,"CL(2010-2013), CIRC Notice ????2016?107?"
2010,90,F,non_pension_type1,CL2,0.158572,"CL(2010-2013), CIRC Notice ????2016?107?"
2010,91,F,non_pension_type1,CL2,0.172172,"CL(2010-2013), CIRC Notice ????2016?107?"
2010,92,F,non_pension_type1,CL2,0.186294,"CL(2010-2013), CIRC Notice ????2016?107?"
2010,93,F,non_pension_type1,CL2,0.201129,"CL(2010-2013), CIRC Notice ????2016?107?"
2010,94,F,non_pension_type1,CL2,0.21694,"CL(2010-2013), CIRC Notice ????2016?107?"
2010,95,F,non_pension_type1,CL2,0.234026,"CL(2010-2013), CIRC Notice ????2016?107?"
2010,96,F,non_pension_type1,CL2,0.252673,"CL(2010-2013), CIRC Notice ????2016?107?"
2010,97,F,non_pension_type1,CL2,0.273112,"CL(2010-2013), CIRC Notice ????2016?107?"
2010,98,F,non_pension_type1,CL2,0.295478,"CL(2010-2013), CIRC Notice ????2016?107?"
2010,99,F,non_pension_type1,CL2,0.319794,"CL(2010-2013), CIRC Notice ????2016?107?"
2010,100,F,non_pension_type1,CL2,0.345975,"CL(2010-2013), CIRC Notice ????2016?107?"
2010,101,F,non_pension_type1,CL2,0.373856,"CL(2010-2013), CIRC Notice ????2016?107?"
2010,102,F,non_pension_type1,CL2,0.403221,"CL(2010-2013), CIRC Notice ????2016?107?"
2010,103,F,non_pension_type1,CL2,0.433833,"CL(2010-2013), CIRC Notice ????2016?107?"
2010,104,F,non_pension_type1,CL2,0.465447,"CL(2010-2013), CIRC Notice ????2016?107?"
2010,105,F,non_pension_type1,CL2,1.0,"CL(2010-2013), CIRC Notice ????2016?107?"
2010,0,M,non_pension_type1,CL1,0.000867,"CL(2010-2013), CIRC Notice ????2016?107?"
2010,1,M,non_pension_type1,CL1,0.000615,"CL(2010-2013), CIRC Notice ????2016?107?"
2010,2,M,non_pension_type1,CL1,0.000445,"CL(2010-2013), CIRC Notice ????2016?107?"
2010,3,M,non_pension_type1,CL1,0.000339,"CL(2010-2013), CIRC Notice ????2016?107?"
2010,4,M,non_pension_type1,CL1,0.00028,"CL(2010-2013), CIRC Notice ????2016?107?"
2010,5,M,non_pension_type1,CL1,0.000251,"CL(2010-2013), CIRC Notice ????2016?107?"
2010,6,M,non_pension_type1,CL1,0.000237,"CL(2010-2013), CIRC Notice ????2016?107?"
2010,7,M,non_pension_type1,CL1,0.000233,"CL(2010-2013), CIRC Notice ????2016?107?"
2010,8,M,non_pension_type1,CL1,0.000238,"CL(2010-2013), CIRC Notice ????2016?107?"
2010,9,M,non_pension_type1,CL1,0.00025,"CL(2010-2013), CIRC Notice ????2016?107?"
2010,10,M,non_pension_type1,CL1,0.000269,"CL(2010-2013), CIRC Notice ????2016?107?"
2010,11,M,non_pension_type1,CL1,0.000293,"CL(2010-2013), CIRC Notice ????2016?107?"
2010,12,M,non_pension_type1,CL1,0.000319,"CL(2010-2013), CIRC Notice ????2016?107?"
2010,13,M,non_pension_type1,CL1,0.000347,"CL(2010-2013), CIRC Notice ????2016?107?"
2010,14,M,non_pension_type1,CL1,0.000375,"CL(2010-2013), CIRC Notice ????2016?107?"
2010,15,M,non_pension_type1,CL1,0.000402,"CL(2010-2013), CIRC Notice ????2016?107?"
2010,16,M,non_pension_type1,CL1,0.000427,"CL(2010-2013), CIRC Notice ????2016?107?"
2010,17,M,non_pension_type1,CL1,0.000449,"CL(2010-2013), CIRC Notice ????2016?107?"
2010,18,M,non_pension_type1,CL1,0.000469,"CL(2010-2013), CIRC Notice ????2016?107?"
2010,19,M,non_pension_type1,CL1,0.000489,"CL(2010-2013), CIRC Notice ????2016?107?"
2010,20,M,non_pension_type1,CL1,0.000508,"CL(2010-2013), CIRC Notice ????2016?107?"
2010,21,M,non_pension_type1,CL1,0.000527,"CL(2010-2013), CIRC Notice ????2016?107?"
2010,22,M,non_pension_type1,CL1,0.000547,"CL(2010-2013), CIRC Notice ????2016?107?"
2010,23,M,non_pension_type1,CL1,0.000568,"CL(2010-2013), CIRC Notice ????2016?107?"
2010,24,M,non_pension_type1,CL1,0.000591,"CL(2010-2013), CIRC Notice ????2016?107?"
2010,25,M,non_pension_type1,CL1,0.000615,"CL(2010-2013), CIRC Notice ????2016?107?"
2010,26,M,non_pension_type1,CL1,0.000644,"CL(2010-2013), CIRC Notice ????2016?107?"
2010,27,M,non_pension_type1,CL1,0.000675,"CL(2010-2013), CIRC Notice ????2016?107?"
2010,28,M,non_pension_type1,CL1,0.000711,"CL(2010-2013), CIRC Notice ????2016?107?"
2010,29,M,non_pension_type1,CL1,0.000751,"CL(2010-2013), CIRC Notice ????2016?107?"
2010,30,M,non_pension_type1,CL1,0.000797,"CL(2010-2013), CIRC Notice ????2016?107?"
2010,31,M,non_pension_type1,CL1,0.000847,"CL(2010-2013), CIRC Notice ????2016?107?"
2010,32,M,non_pension_type1,CL1,0.000903,"CL(2010-2013), CIRC Notice ????2016?107?"
2010,33,M,non_pension_type1,CL1,0.000966,"CL(2010-2013), CIRC Notice ????2016?107?"
2010,34,M,non_pension_type1,CL1,0.001035,"CL(2010-2013), CIRC Notice ????2016?107?"
2010,35,M,non_pension_type1,CL1,0.001111,"CL(2010-2013), CIRC Notice ????2016?107?"
2010,36,M,non_pension_type1,CL1,0.001196,"CL(2010-2013), CIRC Notice ????2016?107?"
2010,37,M,non_pension_type1,CL1,0.00129,"CL(2010-2013), CIRC Notice ????2016?107?"
2010,38,M,non_pension_type1,CL1,0.001395,"CL(2010-2013), CIRC Notice ????2016?107?"
2010,39,M,non_pension_type1,CL1,0.001515,"CL(2010-2013), CIRC Notice ????2016?107?"
2010,40,M,non_pension_type1,CL1,0.001651,"CL(2010-2013), CIRC Notice ????2016?107?"
2010,41,M,non_pension_type1,CL1,0.001804,"CL(2010-2013), CIRC Notice ????2016?107?"
2010,42,M,non_pension_type1,CL1,0.001978,"CL(2010-2013), CIRC Notice ????2016?107?"
2010,43,M,non_pension_type1,CL1,0.002173,"CL(2010-2013), CIRC Notice ????2016?107?"
2010,44,M,non_pension_type1,CL1,0.002393,"CL(2010-2013), CIRC Notice ????2016?107?"
2010,45,M,non_pension_type1,CL1,0.002639,"CL(2010-2013), CIRC Notice ????2016?107?"
2010,46,M,non_pension_type1,CL1,0.002913,"CL(2010-2013), CIRC Notice ????2016?107?"
2010,47,M,non_pension_type1,CL1,0.003213,"CL(2010-2013), CIRC Notice ????2016?107?"
2010,48,M,non_pension_type1,CL1,0.003538,"CL(2010-2013), CIRC Notice ????2016?107?"
2010,49,M,non_pension_type1,CL1,0.003884,"CL(2010-2013), CIRC Notice ????2016?107?"
2010,50,M,non_pension_type1,CL1,0.004249,"CL(2010-2013), CIRC Notice ????2016?107?"
2010,51,M,non_pension_type1,CL1,0.004633,"CL(2010-2013), CIRC Notice ????2016?107?"
2010,52,M,non_pension_type1,CL1,0.005032,"CL(2010-2013), CIRC Notice ????2016?107?"
2010,53,M,non_pension_type1,CL1,0.005445,"CL(2010-2013), CIRC Notice ????2016?107?"
2010,54,M,non_pension_type1,CL1,0.005869,"CL(2010-2013), CIRC Notice ????2016?107?"
2010,55,M,non_pension_type1,CL1,0.006302,"CL(2010-2013), CIRC Notice ????2016?107?"
2010,56,M,non_pension_type1,CL1,0.006747,"CL(2010-2013), CIRC Notice ????2016?107?"
2010,57,M,non_pension_type1,CL1,0.007227,"CL(2010-2013), CIRC Notice ????2016?107?"
2010,58,M,non_pension_type1,CL1,0.00777,"CL(2010-2013), CIRC Notice ????2016?107?"
2010,59,M,non_pension_type1,CL1,0.008403,"CL(2010-2013), CIRC Notice ????2016?107?"
2010,60,M,non_pension_type1,CL1,0.009161,"CL(2010-2013), CIRC Notice ????2016?107?"
2010,61,M,non_pension_type1,CL1,0.010065,"CL(2010-2013), CIRC Notice ????2016?107?"
2010,62,M,non_pension_type1,CL1,0.011129,"CL(2010-2013), CIRC Notice ????2016?107?"
2010,63,M,non_pension_type1,CL1,0.01236,"CL(2010-2013), CIRC Notice ????2016?107?"
2010,64,M,non_pension_type1,CL1,0.013771,"CL(2010-2013), CIRC Notice ????2016?107?"
2010,65,M,non_pension_type1,CL1,0.015379,"CL(2010-2013), CIRC Notice ????2016?107?"
2010,66,M,non_pension_type1,CL1,0.017212,"CL(2010-2013), CIRC Notice ????2016?107?"
2010,67,M,non_pension_type1,CL1,0.019304,"CL(2010-2013), CIRC Notice ????2016?107?"
2010,68,M,non_pension_type1,CL1,0.021691,"CL(2010-2013), CIRC Notice ????2016?107?"
2010,69,M,non_pension_type1,CL1,0.024411,"CL(2010-2013), CIRC Notice ????2016?107?"
2010,70,M,non_pension_type1,CL1,0.027495,"CL(2010-2013), CIRC Notice ????2016?107?"
2010,71,M,non_pension_type1,CL1,0.030965,"CL(2010-2013), CIRC Notice ????2016?107?"
2010,72,M,non_pension_type1,CL1,0.034832,"CL(2010-2013), CIRC Notice ????2016?107?"
2010,73,M,non_pension_type1,CL1,0.039105,"CL(2010-2013), CIRC Notice ????2016?107?"
2010,74,M,non_pension_type1,CL1,0.043796,"CL(2010-2013), CIRC Notice ????2016?107?"
2010,75,M,non_pension_type1,CL1,0.048921,"CL(2010-2013), CIRC Notice ????2016?107?"
2010,76,M,non_pension_type1,CL1,0.054506,"CL(2010-2013), CIRC Notice ????2016?107?"
2010,77,M,non_pension_type1,CL1,0.060586,"CL(2010-2013), CIRC Notice ????2016?107?"
2010,78,M,non_pension_type1,CL1,0.067202,"CL(2010-2013), CIRC Notice ????2016?107?"
2010,79,M,non_pension_type1,CL1,0.0744,"CL(2010-2013), CIRC Notice ????2016?107?"
2010,80,M,non_pension_type1,CL1,0.08222,"CL(2010-2013), CIRC Notice ????2016?107?"
2010,81,M,non_pension_type1,CL1,0.0907,"CL(2010-2013), CIRC Notice ????2016?107?"
2010,82,M,non_pension_type1,CL1,0.099868,"CL(2010-2013), CIRC Notice ????2016?107?"
2010,83,M,non_pension_type1,CL1,0.109754,"CL(2010-2013), CIRC Notice ????2016?107?"
2010,84,M,non_pension_type1,CL1,0.120388,"CL(2010-2013), CIRC Notice ????2016?107?"
2010,85,M,non_pension_type1,CL1,0.131817,"CL(2010-2013), CIRC Notice ????2016?107?"
2010,86,M,non_pension_type1,CL1,0.144105,"CL(2010-2013), CIRC Notice ????2016?107?"
2010,87,M,non_pension_type1,CL1,0.157334,"CL(2010-2013), CIRC Notice ????2016?107?"
2010,88,M,non_pension_type1,CL1,0.171609,"CL(2010-2013), CIRC Notice ????2016?107?"
2010,89,M,non_pension_type1,CL1,0.187046,"CL(2010-2013), CIRC Notice ????2016?107?"
2010,90,M,non_pension_type1,CL1,0.203765,"CL(2010-2013), CIRC Notice ????2016?107?"
2010,91,M,non_pension_type1,CL1,0.221873,"CL(2010-2013), CIRC Notice ????2016?107?"
2010,92,M,non_pension_type1,CL1,0.241451,"CL(2010-2013), CIRC Notice ????2016?107?"
2010,93,M,non_pension_type1,CL1,0.262539,"CL(2010-2013), CIRC Notice ????2016?107?"
2010,94,M,non_pension_type1,CL1,0.285129,"CL(2010-2013), CIRC Notice ????2016?107?"
2010,95,M,non_pension_type1,CL1,0.30916,"CL(2010-2013), CIRC Notice ????2016?107?"
2010,96,M,non_pension_type1,CL1,0.334529,"CL(2010-2013), CIRC Notice ????2016?107?"
2010,97,M,non_pension_type1,CL1,0.361101,"CL(2010-2013), CIRC Notice ????2016?107?"
2010,98,M,non_pension_type1,CL1,0.388727,"CL(2010-2013), CIRC Notice ????2016?107?"
2010,99,M,non_pension_type1,CL1,0.417257,"CL(2010-2013), CIRC Notice ????2016?107?"
2010,100,M,non_pension_type1,CL1,0.446544,"CL(2010-2013), CIRC Notice ????2016?107?"
2010,101,M,non_pension_type1,CL1,0.476447,"CL(2010-2013), CIRC Notice ????2016?107?"
2010,102,M,non_pension_type1,CL1,0.50683,"CL(2010-2013), CIRC Notice ????2016?107?"
2010,103,M,non_pension_type1,CL1,0.537558,"CL(2010-2013), CIRC Notice ????2016?107?"
2010,104,M,non_pension_type1,CL1,0.568497,"CL(2010-2013), CIRC Notice ????2016?107?"
2010,105,M,non_pension_type1,CL1,1.0,"CL(2010-2013), CIRC Notice ????2016?107?"
2010,0,F,non_pension_type2,CL4,0.000455,"CL(2010-2013), CIRC Notice ????2016?107?"
2010,1,F,non_pension_type2,CL4,0.000324,"CL(2010-2013), CIRC Notice ????2016?107?"
2010,2,F,non_pension_type2,CL4,0.000236,"CL(2010-2013), CIRC Notice ????2016?107?"
2010,3,F,non_pension_type2,CL4,0.00018,"CL(2010-2013), CIRC Notice ????2016?107?"
2010,4,F,non_pension_type2,CL4,0.000149,"CL(2010-2013), CIRC Notice ????2016?107?"
2010,5,F,non_pension_type2,CL4,0.000131,"CL(2010-2013), CIRC Notice ????2016?107?"
2010,6,F,non_pension_type2,CL4,0.000119,"CL(2010-2013), CIRC Notice ????2016?107?"
2010,7,F,non_pension_type2,CL4,0.00011,"CL(2010-2013), CIRC Notice ????2016?107?"
2010,8,F,non_pension_type2,CL4,0.000105,"CL(2010-2013), CIRC Notice ????2016?107?"
2010,9,F,non_pension_type2,CL4,0.000103,"CL(2010-2013), CIRC Notice ????2016?107?"
2010,10,F,non_pension_type2,CL4,0.000103,"CL(2010-2013), CIRC Notice ????2016?107?"
2010,11,F,non_pension_type2,CL4,0.000105,"CL(2010-2013), CIRC Notice ????2016?107?"
2010,12,F,non_pension_type2,CL4,0.000109,"CL(2010-2013), CIRC Notice ????2016?107?"
2010,13,F,non_pension_type2,CL4,0.000115,"CL(2010-2013), CIRC Notice ????2016?107?"
2010,14,F,non_pension_type2,CL4,0.000121,"CL(2010-2013), CIRC Notice ????2016?107?"
2010,15,F,non_pension_type2,CL4,0.000128,"CL(2010-2013), CIRC Notice ????2016?107?"
2010,16,F,non_pension_type2,CL4,0.000135,"CL(2010-2013), CIRC Notice ????2016?107?"
2010,17,F,non_pension_type2,CL4,0.000141,"CL(2010-2013), CIRC Notice ????2016?107?"
2010,18,F,non_pension_type2,CL4,0.000149,"CL(2010-2013), CIRC Notice ????2016?107?"
2010,19,F,non_pension_type2,CL4,0.000156,"CL(2010-2013), CIRC Notice ????2016?107?"
2010,20,F,non_pension_type2,CL4,0.000163,"CL(2010-2013), CIRC Notice ????2016?107?"
2010,21,F,non_pension_type2,CL4,0.00017,"CL(2010-2013), CIRC Notice ????2016?107?"
2010,22,F,non_pension_type2,CL4,0.000178,"CL(2010-2013), CIRC Notice ????2016?107?"
2010,23,F,non_pension_type2,CL4,0.000185,"CL(2010-2013), CIRC Notice ????2016?107?"
2010,24,F,non_pension_type2,CL4,0.000192,"CL(2010-2013), CIRC Notice ????2016?107?"
2010,25,F,non_pension_type2,CL4,0.0002,"CL(2010-2013), CIRC Notice ????2016?107?"
2010,26,F,non_pension_type2,CL4,0.000208,"CL(2010-2013), CIRC Notice ????2016?107?"
2010,27,F,non_pension_type2,CL4,0.000216,"CL(2010-2013), CIRC Notice ????2016?107?"
2010,28,F,non_pension_type2,CL4,0.000225,"CL(2010-2013), CIRC Notice ????2016?107?"
2010,29,F,non_pension_type2,CL4,0.000235,"CL(2010-2013), CIRC Notice ????2016?107?"
2010,30,F,non_pension_type2,CL4,0.000247,"CL(2010-2013), CIRC Notice ????2016?107?"
2010,31,F,non_pension_type2,CL4,0.000261,"CL(2010-2013), CIRC Notice ????2016?107?"
2010,32,F,non_pension_type2,CL4,0.000277,"CL(2010-2013), CIRC Notice ????2016?107?"
2010,33,F,non_pension_type2,CL4,0.000297,"CL(2010-2013), CIRC Notice ????2016?107?"
2010,34,F,non_pension_type2,CL4,0.000319,"CL(2010-2013), CIRC Notice ????2016?107?"
2010,35,F,non_pension_type2,CL4,0.000346,"CL(2010-2013), CIRC Notice ????2016?107?"
2010,36,F,non_pension_type2,CL4,0.000376,"CL(2010-2013), CIRC Notice ????2016?107?"
2010,37,F,non_pension_type2,CL4,0.000411,"CL(2010-2013), CIRC Notice ????2016?107?"
2010,38,F,non_pension_type2,CL4,0.00045,"CL(2010-2013), CIRC Notice ????2016?107?"
2010,39,F,non_pension_type2,CL4,0.000494,"CL(2010-2013), CIRC Notice ????2016?107?"
2010,40,F,non_pension_type2,CL4,0.000542,"CL(2010-2013), CIRC Notice ????2016?107?"
2010,41,F,non_pension_type2,CL4,0.000595,"CL(2010-2013), CIRC Notice ????2016?107?"
2010,42,F,non_pension_type2,CL4,0.000653,"CL(2010-2013), CIRC Notice ????2016?107?"
2010,43,F,non_pension_type2,CL4,0.000715,"CL(2010-2013), CIRC Notice ????2016?107?"
2010,44,F,non_pension_type2,CL4,0.000783,"CL(2010-2013), CIRC Notice ????2016?107?"
2010,45,F,non_pension_type2,CL4,0.000857,"CL(2010-2013), CIRC Notice ????2016?107?"
2010,46,F,non_pension_type2,CL4,0.000935,"CL(2010-2013), CIRC Notice ????2016?107?"
2010,47,F,non_pension_type2,CL4,0.00102,"CL(2010-2013), CIRC Notice ????2016?107?"
2010,48,F,non_pension_type2,CL4,0.001112,"CL(2010-2013), CIRC Notice ????2016?107?"
2010,49,F,non_pension_type2,CL4,0.001212,"CL(2010-2013), CIRC Notice ????2016?107?"
2010,50,F,non_pension_type2,CL4,0.001321,"CL(2010-2013), CIRC Notice ????2016?107?"
2010,51,F,non_pension_type2,CL4,0.001439,"CL(2010-2013), CIRC Notice ????2016?107?"
2010,52,F,non_pension_type2,CL4,0.001568,"CL(2010-2013), CIRC Notice ????2016?107?"
2010,53,F,non_pension_type2,CL4,0.001709,"CL(2010-2013), CIRC Notice ????2016?107?"
2010,54,F,non_pension_type2,CL4,0.001861,"CL(2010-2013), CIRC Notice ????2016?107?"
2010,55,F,non_pension_type2,CL4,0.002027,"CL(2010-2013), CIRC Notice ????2016?107?"
2010,56,F,non_pension_type2,CL4,0.002208,"CL(2010-2013), CIRC Notice ????2016?107?"
2010,57,F,non_pension_type2,CL4,0.002403,"CL(2010-2013), CIRC Notice ????2016?107?"
2010,58,F,non_pension_type2,CL4,0.002613,"CL(2010-2013), CIRC Notice ????2016?107?"
2010,59,F,non_pension_type2,CL4,0.00284,"CL(2010-2013), CIRC Notice ????2016?107?"
2010,60,F,non_pension_type2,CL4,0.003088,"CL(2010-2013), CIRC Notice ????2016?107?"
2010,61,F,non_pension_type2,CL4,0.003366,"CL(2010-2013), CIRC Notice ????2016?107?"
2010,62,F,non_pension_type2,CL4,0.003684,"CL(2010-2013), CIRC Notice ????2016?107?"
2010,63,F,non_pension_type2,CL4,0.004055,"CL(2010-2013), CIRC Notice ????2016?107?"
2010,64,F,non_pension_type2,CL4,0.004495,"CL(2010-2013), CIRC Notice ????2016?107?"
2010,65,F,non_pension_type2,CL4,0.005016,"CL(2010-2013), CIRC Notice ????2016?107?"
2010,66,F,non_pension_type2,CL4,0.005626,"CL(2010-2013), CIRC Notice ????2016?107?"
2010,67,F,non_pension_type2,CL4,0.006326,"CL(2010-2013), CIRC Notice ????2016?107?"
2010,68,F,non_pension_type2,CL4,0.007115,"CL(2010-2013), CIRC Notice ????2016?107?"
2010,69,F,non_pension_type2,CL4,0.008,"CL(2010-2013), CIRC Notice ????2016?107?"
2010,70,F,non_pension_type2,CL4,0.009007,"CL(2010-2013), CIRC Notice ????2016?107?"
2010,71,F,non_pension_type2,CL4,0.010185,"CL(2010-2013), CIRC Notice ????2016?107?"
2010,72,F,non_pension_type2,CL4,0.011606,"CL(2010-2013), CIRC Notice ????2016?107?"
2010,73,F,non_pension_type2,CL4,0.013353,"CL(2010-2013), CIRC Notice ????2016?107?"
2010,74,F,non_pension_type2,CL4,0.015508,"CL(2010-2013), CIRC Notice ????2016?107?"
2010,75,F,non_pension_type2,CL4,0.018134,"CL(2010-2013), CIRC Notice ????2016?107?"
2010,76,F,non_pension_type2,CL4,0.021268,"CL(2010-2013), CIRC Notice ????2016?107?"
2010,77,F,non_pension_type2,CL4,0.024916,"CL(2010-2013), CIRC Notice ????2016?107?"
2010,78,F,non_pension_type2,CL4,0.029062,"CL(2010-2013), CIRC Notice ????2016?107?"
2010,79,F,non_pension_type2,CL4,0.033674,"CL(2010-2013), CIRC Notice ????2016?107?"
2010,80,F,non_pension_type2,CL4,0.038718,"CL(2010-2013), CIRC Notice ????2016?107?"
2010,81,F,non_pension_type2,CL4,0.04416,"CL(2010-2013), CIRC Notice ????2016?107?"
2010,82,F,non_pension_type2,CL4,0.049977,"CL(2010-2013), CIRC Notice ????2016?107?"
2010,83,F,non_pension_type2,CL4,0.056157,"CL(2010-2013), CIRC Notice ????2016?107?"
2010,84,F,non_pension_type2,CL4,0.062695,"CL(2010-2013), CIRC Notice ????2016?107?"
2010,85,F,non_pension_type2,CL4,0.069596,"CL(2010-2013), CIRC Notice ????2016?107?"
2010,86,F,non_pension_type2,CL4,0.076863,"CL(2010-2013), CIRC Notice ????2016?107?"
2010,87,F,non_pension_type2,CL4,0.084501,"CL(2010-2013), CIRC Notice ????2016?107?"
2010,88,F,non_pension_type2,CL4,0.092504,"CL(2010-2013), CIRC Notice ????2016?107?"
2010,89,F,non_pension_type2,CL4,0.100864,"CL(2010-2013), CIRC Notice ????2016?107?"
2010,90,F,non_pension_type2,CL4,0.109567,"CL(2010-2013), CIRC Notice ????2016?107?"
2010,91,F,non_pension_type2,CL4,0.118605,"CL(2010-2013), CIRC Notice ????2016?107?"
2010,92,F,non_pension_type2,CL4,0.127985,"CL(2010-2013), CIRC Notice ????2016?107?"
2010,93,F,non_pension_type2,CL4,0.137743,"CL(2010-2013), CIRC Notice ????2016?107?"
2010,94,F,non_pension_type2,CL4,0.147962,"CL(2010-2013), CIRC Notice ????2016?107?"
2010,95,F,non_pension_type2,CL4,0.158777,"CL(2010-2013), CIRC Notice ????2016?107?"
2010,96,F,non_pension_type2,CL4,0.17038,"CL(2010-2013), CIRC Notice ????2016?107?"
2010,97,F,non_pension_type2,CL4,0.18302,"CL(2010-2013), CIRC Notice ????2016?107?"
2010,98,F,non_pension_type2,CL4,0.196986,"CL(2010-2013), CIRC Notice ????2016?107?"
2010,99,F,non_pension_type2,CL4,0.212604,"CL(2010-2013), CIRC Notice ????2016?107?"
2010,100,F,non_pension_type2,CL4,0.230215,"CL(2010-2013), CIRC Notice ????2016?107?"
2010,101,F,non_pension_type2,CL4,0.250172,"CL(2010-2013), CIRC Notice ????2016?107?"
2010,102,F,non_pension_type2,CL4,0.272831,"CL(2010-2013), CIRC Notice ????2016?107?"
2010,103,F,non_pension_type2,CL4,0.298551,"CL(2010-2013), CIRC Notice ????2016?107?"
2010,104,F,non_pension_type2,CL4,0.327687,"CL(2010-2013), CIRC Notice ????2016?107?"
2010,105,F,non_pension_type2,CL4,1.0,"CL(2010-2013), CIRC Notice ????2016?107?"
2010,0,M,non_pension_type2,CL3,0.00062,"CL(2010-2013), CIRC Notice ????2016?107?"
2010,1,M,non_pension_type2,CL3,0.000465,"CL(2010-2013), CIRC Notice ????2016?107?"
2010,2,M,non_pension_type2,CL3,0.000353,"CL(2010-2013), CIRC Notice ????2016?107?"
2010,3,M,non_pension_type2,CL3,0.000278,"CL(2010-2013), CIRC Notice ????2016?107?"
2010,4,M,non_pension_type2,CL3,0.000229,"CL(2010-2013), CIRC Notice ????2016?107?"
2010,5,M,non_pension_type2,CL3,0.0002,"CL(2010-2013), CIRC Notice ????2016?107?"
2010,6,M,non_pension_type2,CL3,0.000182,"CL(2010-2013), CIRC Notice ????2016?107?"
2010,7,M,non_pension_type2,CL3,0.000172,"CL(2010-2013), CIRC Notice ????2016?107?"
2010,8,M,non_pension_type2,CL3,0.000171,"CL(2010-2013), CIRC Notice ????2016?107?"
2010,9,M,non_pension_type2,CL3,0.000177,"CL(2010-2013), CIRC Notice ????2016?107?"
2010,10,M,non_pension_type2,CL3,0.000187,"CL(2010-2013), CIRC Notice ????2016?107?"
2010,11,M,non_pension_type2,CL3,0.000202,"CL(2010-2013), CIRC Notice ????2016?107?"
2010,12,M,non_pension_type2,CL3,0.00022,"CL(2010-2013), CIRC Notice ????2016?107?"
2010,13,M,non_pension_type2,CL3,0.00024,"CL(2010-2013), CIRC Notice ????2016?107?"
2010,14,M,non_pension_type2,CL3,0.000261,"CL(2010-2013), CIRC Notice ????2016?107?"
2010,15,M,non_pension_type2,CL3,0.00028,"CL(2010-2013), CIRC Notice ????2016?107?"
2010,16,M,non_pension_type2,CL3,0.000298,"CL(2010-2013), CIRC Notice ????2016?107?"
2010,17,M,non_pension_type2,CL3,0.000315,"CL(2010-2013), CIRC Notice ????2016?107?"
2010,18,M,non_pension_type2,CL3,0.000331,"CL(2010-2013), CIRC Notice ????2016?107?"
2010,19,M,non_pension_type2,CL3,0.000346,"CL(2010-2013), CIRC Notice ????2016?107?"
2010,20,M,non_pension_type2,CL3,0.000361,"CL(2010-2013), CIRC Notice ????2016?107?"
2010,21,M,non_pension_type2,CL3,0.000376,"CL(2010-2013), CIRC Notice ????2016?107?"
2010,22,M,non_pension_type2,CL3,0.000392,"CL(2010-2013), CIRC Notice ????2016?107?"
2010,23,M,non_pension_type2,CL3,0.000409,"CL(2010-2013), CIRC Notice ????2016?107?"
2010,24,M,non_pension_type2,CL3,0.000428,"CL(2010-2013), CIRC Notice ????2016?107?"
2010,25,M,non_pension_type2,CL3,0.000448,"CL(2010-2013), CIRC Notice ????2016?107?"
2010,26,M,non_pension_type2,CL3,0.000471,"CL(2010-2013), CIRC Notice ????2016?107?"
2010,27,M,non_pension_type2,CL3,0.000497,"CL(2010-2013), CIRC Notice ????2016?107?"
2010,28,M,non_pension_type2,CL3,0.000526,"CL(2010-2013), CIRC Notice ????2016?107?"
2010,29,M,non_pension_type2,CL3,0.000558,"CL(2010-2013), CIRC Notice ????2016?107?"
2010,30,M,non_pension_type2,CL3,0.000595,"CL(2010-2013), CIRC Notice ????2016?107?"
2010,31,M,non_pension_type2,CL3,0.000635,"CL(2010-2013), CIRC Notice ????2016?107?"
2010,32,M,non_pension_type2,CL3,0.000681,"CL(2010-2013), CIRC Notice ????2016?107?"
2010,33,M,non_pension_type2,CL3,0.000732,"CL(2010-2013), CIRC Notice ????2016?107?"
2010,34,M,non_pension_type2,CL3,0.000788,"CL(2010-2013), CIRC Notice ????2016?107?"
2010,35,M,non_pension_type2,CL3,0.00085,"CL(2010-2013), CIRC Notice ????2016?107?"
2010,36,M,non_pension_type2,CL3,0.000919,"CL(2010-2013), CIRC Notice ????2016?107?"
2010,37,M,non_pension_type2,CL3,0.000995,"CL(2010-2013), CIRC Notice ????2016?107?"
2010,38,M,non_pension_type2,CL3,0.001078,"CL(2010-2013), CIRC Notice ????2016?107?"
2010,39,M,non_pension_type2,CL3,0.00117,"CL(2010-2013), CIRC Notice ????2016?107?"
2010,40,M,non_pension_type2,CL3,0.00127,"CL(2010-2013), CIRC Notice ????2016?107?"
2010,41,M,non_pension_type2,CL3,0.00138,"CL(2010-2013), CIRC Notice ????2016?107?"
2010,42,M,non_pension_type2,CL3,0.0015,"CL(2010-2013), CIRC Notice ????2016?107?"
2010,43,M,non_pension_type2,CL3,0.001631,"CL(2010-2013), CIRC Notice ????2016?107?"
2010,44,M,non_pension_type2,CL3,0.001774,"CL(2010-2013), CIRC Notice ????2016?107?"
2010,45,M,non_pension_type2,CL3,0.001929,"CL(2010-2013), CIRC Notice ????2016?107?"
2010,46,M,non_pension_type2,CL3,0.002096,"CL(2010-2013), CIRC Notice ????2016?107?"
2010,47,M,non_pension_type2,CL3,0.002277,"CL(2010-2013), CIRC Notice ????2016?107?"
2010,48,M,non_pension_type2,CL3,0.002472,"CL(2010-2013), CIRC Notice ????2016?107?"
2010,49,M,non_pension_type2,CL3,0.002682,"CL(2010-2013), CIRC Notice ????2016?107?"
2010,50,M,non_pension_type2,CL3,0.002908,"CL(2010-2013), CIRC Notice ????2016?107?"
2010,51,M,non_pension_type2,CL3,0.00315,"CL(2010-2013), CIRC Notice ????2016?107?"
2010,52,M,non_pension_type2,CL3,0.003409,"CL(2010-2013), CIRC Notice ????2016?107?"
2010,53,M,non_pension_type2,CL3,0.003686,"CL(2010-2013), CIRC Notice ????2016?107?"
2010,54,M,non_pension_type2,CL3,0.003982,"CL(2010-2013), CIRC Notice ????2016?107?"
2010,55,M,non_pension_type2,CL3,0.004297,"CL(2010-2013), CIRC Notice ????2016?107?"
2010,56,M,non_pension_type2,CL3,0.004636,"CL(2010-2013), CIRC Notice ????2016?107?"
2010,57,M,non_pension_type2,CL3,0.004999,"CL(2010-2013), CIRC Notice ????2016?107?"
2010,58,M,non_pension_type2,CL3,0.005389,"CL(2010-2013), CIRC Notice ????2016?107?"
2010,59,M,non_pension_type2,CL3,0.005807,"CL(2010-2013), CIRC Notice ????2016?107?"
2010,60,M,non_pension_type2,CL3,0.006258,"CL(2010-2013), CIRC Notice ????2016?107?"
2010,61,M,non_pension_type2,CL3,0.006742,"CL(2010-2013), CIRC Notice ????2016?107?"
2010,62,M,non_pension_type2,CL3,0.007261,"CL(2010-2013), CIRC Notice ????2016?107?"
2010,63,M,non_pension_type2,CL3,0.007815,"CL(2010-2013), CIRC Notice ????2016?107?"
2010,64,M,non_pension_type2,CL3,0.008405,"CL(2010-2013), CIRC Notice ????2016?107?"
2010,65,M,non_pension_type2,CL3,0.009039,"CL(2010-2013), CIRC Notice ????2016?107?"
2010,66,M,non_pension_type2,CL3,0.009738,"CL(2010-2013), CIRC Notice ????2016?107?"
2010,67,M,non_pension_type2,CL3,0.010538,"CL(2010-2013), CIRC Notice ????2016?107?"
2010,68,M,non_pension_type2,CL3,0.011496,"CL(2010-2013), CIRC Notice ????2016?107?"
2010,69,M,non_pension_type2,CL3,0.012686,"CL(2010-2013), CIRC Notice ????2016?107?"
2010,70,M,non_pension_type2,CL3,0.014192,"CL(2010-2013), CIRC Notice ????2016?107?"
2010,71,M,non_pension_type2,CL3,0.016106,"CL(2010-2013), CIRC Notice ????2016?107?"
2010,72,M,non_pension_type2,CL3,0.018517,"CL(2010-2013), CIRC Notice ????2016?107?"
2010,73,M,non_pension_type2,CL3,0.02151,"CL(2010-2013), CIRC Notice ????2016?107?"
2010,74,M,non_pension_type2,CL3,0.025151,"CL(2010-2013), CIRC Notice ????2016?107?"
2010,75,M,non_pension_type2,CL3,0.02949,"CL(2010-2013), CIRC Notice ????2016?107?"
2010,76,M,non_pension_type2,CL3,0.034545,"CL(2010-2013), CIRC Notice ????2016?107?"
2010,77,M,non_pension_type2,CL3,0.04031,"CL(2010-2013), CIRC Notice ????2016?107?"
2010,78,M,non_pension_type2,CL3,0.046747,"CL(2010-2013), CIRC Notice ????2016?107?"
2010,79,M,non_pension_type2,CL3,0.053801,"CL(2010-2013), CIRC Notice ????2016?107?"
2010,80,M,non_pension_type2,CL3,0.061403,"CL(2010-2013), CIRC Notice ????2016?107?"
2010,81,M,non_pension_type2,CL3,0.069485,"CL(2010-2013), CIRC Notice ????2016?107?"
2010,82,M,non_pension_type2,CL3,0.077987,"CL(2010-2013), CIRC Notice ????2016?107?"
2010,83,M,non_pension_type2,CL3,0.086872,"CL(2010-2013), CIRC Notice ????2016?107?"
2010,84,M,non_pension_type2,CL3,0.09613,"CL(2010-2013), CIRC Notice ????2016?107?"
2010,85,M,non_pension_type2,CL3,0.105786,"CL(2010-2013), CIRC Notice ????2016?107?"
2010,86,M,non_pension_type2,CL3,0.1159,"CL(2010-2013), CIRC Notice ????2016?107?"
2010,87,M,non_pension_type2,CL3,0.126569,"CL(2010-2013), CIRC Notice ????2016?107?"
2010,88,M,non_pension_type2,CL3,0.137917,"CL(2010-2013), CIRC Notice ????2016?107?"
2010,89,M,non_pension_type2,CL3,0.150089,"CL(2010-2013), CIRC Notice ????2016?107?"
2010,90,M,non_pension_type2,CL3,0.163239,"CL(2010-2013), CIRC Notice ????2016?107?"
2010,91,M,non_pension_type2,CL3,0.177519,"CL(2010-2013), CIRC Notice ????2016?107?"
2010,92,M,non_pension_type2,CL3,0.193067,"CL(2010-2013), CIRC Notice ????2016?107?"
2010,93,M,non_pension_type2,CL3,0.209999,"CL(2010-2013), CIRC Notice ????2016?107?"
2010,94,M,non_pension_type2,CL3,0.228394,"CL(2010-2013), CIRC Notice ????2016?107?"
2010,95,M,non_pension_type2,CL3,0.248299,"CL(2010-2013), CIRC Notice ????2016?107?"
2010,96,M,non_pension_type2,CL3,0.269718,"CL(2010-2013), CIRC Notice ????2016?107?"
2010,97,M,non_pension_type2,CL3,0.292621,"CL(2010-2013), CIRC Notice ????2016?107?"
2010,98,M,non_pension_type2,CL3,0.316951,"CL(2010-2013), CIRC Notice ????2016?107?"
2010,99,M,non_pension_type2,CL3,0.342628,"CL(2010-2013), CIRC Notice ????2016?107?"
2010,100,M,non_pension_type2,CL3,0.369561,"CL(2010-2013), CIRC Notice ????2016?107?"
2010,101,M,non_pension_type2,CL3,0.397652,"CL(2010-2013), CIRC Notice ????2016?107?"
2010,102,M,non_pension_type2,CL3,0.426801,"CL(2010-2013), CIRC Notice ????2016?107?"
2010,103,M,non_pension_type2,CL3,0.456906,"CL(2010-2013), CIRC Notice ????2016?107?"
2010,104,M,non_pension_type2,CL3,0.487867,"CL(2010-2013), CIRC Notice ????2016?107?"
2010,105,M,non_pension_type2,CL3,1.0,"CL(2010-2013), CIRC Notice ????2016?107?"
2010,0,F,pension,CL6,0.000453,"CL(2010-2013), CIRC Notice ????2016?107?"
2010,1,F,pension,CL6,0.000289,"CL(2010-2013), CIRC Notice ????2016?107?"
2010,2,F,pension,CL6,0.000184,"CL(2010-2013), CIRC Notice ????2016?107?"
2010,3,F,pension,CL6,0.000124,"CL(2010-2013), CIRC Notice ????2016?107?"
2010,4,F,pension,CL6,9.5e-05,"CL(2010-2013), CIRC Notice ????2016?107?"
2010,5,F,pension,CL6,8.4e-05,"CL(2010-2013), CIRC Notice ????2016?107?"
2010,6,F,pension,CL6,7.8e-05,"CL(2010-2013), CIRC Notice ????2016?107?"
2010,7,F,pension,CL6,7.4e-05,"CL(2010-2013), CIRC Notice ????2016?107?"
2010,8,F,pension,CL6,7.2e-05,"CL(2010-2013), CIRC Notice ????2016?107?"
2010,9,F,pension,CL6,7.2e-05,"CL(2010-2013), CIRC Notice ????2016?107?"
2010,10,F,pension,CL6,7.4e-05,"CL(2010-2013), CIRC Notice ????2016?107?"
2010,11,F,pension,CL6,7.7e-05,"CL(2010-2013), CIRC Notice ????2016?107?"
2010,12,F,pension,CL6,8e-05,"CL(2010-2013), CIRC Notice ????2016?107?"
2010,13,F,pension,CL6,8.5e-05,"CL(2010-2013), CIRC Notice ????2016?107?"
2010,14,F,pension,CL6,9e-05,"CL(2010-2013), CIRC Notice ????2016?107?"
2010,15,F,pension,CL6,9.5e-05,"CL(2010-2013), CIRC Notice ????2016?107?"
2010,16,F,pension,CL6,0.0001,"CL(2010-2013), CIRC Notice ????2016?107?"
2010,17,F,pension,CL6,0.000105,"CL(2010-2013), CIRC Notice ????2016?107?"
2010,18,F,pension,CL6,0.00011,"CL(2010-2013), CIRC Notice ????2016?107?"
2010,19,F,pension,CL6,0.000115,"CL(2010-2013), CIRC Notice ????2016?107?"
2010,20,F,pension,CL6,0.00012,"CL(2010-2013), CIRC Notice ????2016?107?"
2010,21,F,pension,CL6,0.000125,"CL(2010-2013), CIRC Notice ????2016?107?"
2010,22,F,pension,CL6,0.000129,"CL(2010-2013), CIRC Notice ????2016?107?"
2010,23,F,pension,CL6,0.000134,"CL(2010-2013), CIRC Notice ????2016?107?"
2010,24,F,pension,CL6,0.000139,"CL(2010-2013), CIRC Notice ????2016?107?"
2010,25,F,pension,CL6,0.000144,"CL(2010-2013), CIRC Notice ????2016?107?"
2010,26,F,pension,CL6,0.000149,"CL(2010-2013), CIRC Notice ????2016?107?"
2010,27,F,pension,CL6,0.000154,"CL(2010-2013), CIRC Notice ????2016?107?"
2010,28,F,pension,CL6,0.00016,"CL(2010-2013), CIRC Notice ????2016?107?"
2010,29,F,pension,CL6,0.000167,"CL(2010-2013), CIRC Notice ????2016?107?"
2010,30,F,pension,CL6,0.000175,"CL(2010-2013), CIRC Notice ????2016?107?"
2010,31,F,pension,CL6,0.000186,"CL(2010-2013), CIRC Notice ????2016?107?"
2010,32,F,pension,CL6,0.000198,"CL(2010-2013), CIRC Notice ????2016?107?"
2010,33,F,pension,CL6,0.000213,"CL(2010-2013), CIRC Notice ????2016?107?"
2010,34,F,pension,CL6,0.000231,"CL(2010-2013), CIRC Notice ????2016?107?"
2010,35,F,pension,CL6,0.000253,"CL(2010-2013), CIRC Notice ????2016?107?"
2010,36,F,pension,CL6,0.000277,"CL(2010-2013), CIRC Notice ????2016?107?"
2010,37,F,pension,CL6,0.000305,"CL(2010-2013), CIRC Notice ????2016?107?"
2010,38,F,pension,CL6,0.000337,"CL(2010-2013), CIRC Notice ????2016?107?"
2010,39,F,pension,CL6,0.000372,"CL(2010-2013), CIRC Notice ????2016?107?"
2010,40,F,pension,CL6,0.00041,"CL(2010-2013), CIRC Notice ????2016?107?"
2010,41,F,pension,CL6,0.00045,"CL(2010-2013), CIRC Notice ????2016?107?"
2010,42,F,pension,CL6,0.000494,"CL(2010-2013), CIRC Notice ????2016?107?"
2010,43,F,pension,CL6,0.00054,"CL(2010-2013), CIRC Notice ????2016?107?"
2010,44,F,pension,CL6,0.000589,"CL(2010-2013), CIRC Notice ????2016?107?"
2010,45,F,pension,CL6,0.00064,"CL(2010-2013), CIRC Notice ????2016?107?"
2010,46,F,pension,CL6,0.000693,"CL(2010-2013), CIRC Notice ????2016?107?"
2010,47,F,pension,CL6,0.00075,"CL(2010-2013), CIRC Notice ????2016?107?"
2010,48,F,pension,CL6,0.000811,"CL(2010-2013), CIRC Notice ????2016?107?"
2010,49,F,pension,CL6,0.000877,"CL(2010-2013), CIRC Notice ????2016?107?"
2010,50,F,pension,CL6,0.00095,"CL(2010-2013), CIRC Notice ????2016?107?"
2010,51,F,pension,CL6,0.001031,"CL(2010-2013), CIRC Notice ????2016?107?"
2010,52,F,pension,CL6,0.00112,"CL(2010-2013), CIRC Notice ????2016?107?"
2010,53,F,pension,CL6,0.001219,"CL(2010-2013), CIRC Notice ????2016?107?"
2010,54,F,pension,CL6,0.001329,"CL(2010-2013), CIRC Notice ????2016?107?"
2010,55,F,pension,CL6,0.00145,"CL(2010-2013), CIRC Notice ????2016?107?"
2010,56,F,pension,CL6,0.001585,"CL(2010-2013), CIRC Notice ????2016?107?"
2010,57,F,pension,CL6,0.001736,"CL(2010-2013), CIRC Notice ????2016?107?"
2010,58,F,pension,CL6,0.001905,"CL(2010-2013), CIRC Notice ????2016?107?"
2010,59,F,pension,CL6,0.002097,"CL(2010-2013), CIRC Notice ????2016?107?"
2010,60,F,pension,CL6,0.002315,"CL(2010-2013), CIRC Notice ????2016?107?"
2010,61,F,pension,CL6,0.002561,"CL(2010-2013), CIRC Notice ????2016?107?"
2010,62,F,pension,CL6,0.002836,"CL(2010-2013), CIRC Notice ????2016?107?"
2010,63,F,pension,CL6,0.003137,"CL(2010-2013), CIRC Notice ????2016?107?"
2010,64,F,pension,CL6,0.003468,"CL(2010-2013), CIRC Notice ????2016?107?"
2010,65,F,pension,CL6,0.003835,"CL(2010-2013), CIRC Notice ????2016?107?"
2010,66,F,pension,CL6,0.004254,"CL(2010-2013), CIRC Notice ????2016?107?"
2010,67,F,pension,CL6,0.00474,"CL(2010-2013), CIRC Notice ????2016?107?"
2010,68,F,pension,CL6,0.005302,"CL(2010-2013), CIRC Notice ????2016?107?"
2010,69,F,pension,CL6,0.005943,"CL(2010-2013), CIRC Notice ????2016?107?"
2010,70,F,pension,CL6,0.00666,"CL(2010-2013), CIRC Notice ????2016?107?"
2010,71,F,pension,CL6,0.00746,"CL(2010-2013), CIRC Notice ????2016?107?"
2010,72,F,pension,CL6,0.008369,"CL(2010-2013), CIRC Notice ????2016?107?"
2010,73,F,pension,CL6,0.009436,"CL(2010-2013), CIRC Notice ????2016?107?"
2010,74,F,pension,CL6,0.01073,"CL(2010-2013), CIRC Notice ????2016?107?"
2010,75,F,pension,CL6,0.012332,"CL(2010-2013), CIRC Notice ????2016?107?"
2010,76,F,pension,CL6,0.014315,"CL(2010-2013), CIRC Notice ????2016?107?"
2010,77,F,pension,CL6,0.016734,"CL(2010-2013), CIRC Notice ????2016?107?"
2010,78,F,pension,CL6,0.019619,"CL(2010-2013), CIRC Notice ????2016?107?"
2010,79,F,pension,CL6,0.022971,"CL(2010-2013), CIRC Notice ????2016?107?"
2010,80,F,pension,CL6,0.02677,"CL(2010-2013), CIRC Notice ????2016?107?"
2010,81,F,pension,CL6,0.030989,"CL(2010-2013), CIRC Notice ????2016?107?"
2010,82,F,pension,CL6,0.035598,"CL(2010-2013), CIRC Notice ????2016?107?"
2010,83,F,pension,CL6,0.040576,"CL(2010-2013), CIRC Notice ????2016?107?"
2010,84,F,pension,CL6,0.045915,"CL(2010-2013), CIRC Notice ????2016?107?"
2010,85,F,pension,CL6,0.051616,"CL(2010-2013), CIRC Notice ????2016?107?"
2010,86,F,pension,CL6,0.057646,"CL(2010-2013), CIRC Notice ????2016?107?"
2010,87,F,pension,CL6,0.064084,"CL(2010-2013), CIRC Notice ????2016?107?"
2010,88,F,pension,CL6,0.070942,"CL(2010-2013), CIRC Notice ????2016?107?"
2010,89,F,pension,CL6,0.078241,"CL(2010-2013), CIRC Notice ????2016?107?"
2010,90,F,pension,CL6,0.086003,"CL(2010-2013), CIRC Notice ????2016?107?"
2010,91,F,pension,CL6,0.094249,"CL(2010-2013), CIRC Notice ????2016?107?"
2010,92,F,pension,CL6,0.103002,"CL(2010-2013), CIRC Notice ????2016?107?"
2010,93,F,pension,CL6,0.112281,"CL(2010-2013), CIRC Notice ????2016?107?"
2010,94,F,pension,CL6,0.122109,"CL(2010-2013), CIRC Notice ????2016?107?"
2010,95,F,pension,CL6,0.13254,"CL(2010-2013), CIRC Notice ????2016?107?"
2010,96,F,pension,CL6,0.143757,"CL(2010-2013), CIRC Notice ????2016?107?"
2010,97,F,pension,CL6,0.155979,"CL(2010-2013), CIRC Notice ????2016?107?"
2010,98,F,pension,CL6,0.169421,"CL(2010-2013), CIRC Notice ????2016?107?"
2010,99,F,pension,CL6,0.184301,"CL(2010-2013), CIRC Notice ????2016?107?"
2010,100,F,pension,CL6,0.200836,"CL(2010-2013), CIRC Notice ????2016?107?"
2010,101,F,pension,CL6,0.219242,"CL(2010-2013), CIRC Notice ????2016?107?"
2010,102,F,pension,CL6,0.239737,"CL(2010-2013), CIRC Notice ????2016?107?"
2010,103,F,pension,CL6,0.262537,"CL(2010-2013), CIRC Notice ????2016?107?"
2010,104,F,pension,CL6,0.287859,"CL(2010-2013), CIRC Notice ????2016?107?"
2010,105,F,pension,CL6,1.0,"CL(2010-2013), CIRC Notice ????2016?107?"
2010,0,M,pension,CL5,0.000566,"CL(2010-2013), CIRC Notice ????2016?107?"
2010,1,M,pension,CL5,0.000386,"CL(2010-2013), CIRC Notice ????2016?107?"
2010,2,M,pension,CL5,0.000268,"CL(2010-2013), CIRC Notice ????2016?107?"
2010,3,M,pension,CL5,0.000196,"CL(2010-2013), CIRC Notice ????2016?107?"
2010,4,M,pension,CL5,0.000158,"CL(2010-2013), CIRC Notice ????2016?107?"
2010,5,M,pension,CL5,0.000141,"CL(2010-2013), CIRC Notice ????2016?107?"
2010,6,M,pension,CL5,0.000132,"CL(2010-2013), CIRC Notice ????2016?107?"
2010,7,M,pension,CL5,0.000129,"CL(2010-2013), CIRC Notice ????2016?107?"
2010,8,M,pension,CL5,0.000131,"CL(2010-2013), CIRC Notice ????2016?107?"
2010,9,M,pension,CL5,0.000137,"CL(2010-2013), CIRC Notice ????2016?107?"
2010,10,M,pension,CL5,0.000146,"CL(2010-2013), CIRC Notice ????2016?107?"
2010,11,M,pension,CL5,0.000157,"CL(2010-2013), CIRC Notice ????2016?107?"
2010,12,M,pension,CL5,0.00017,"CL(2010-2013), CIRC Notice ????2016?107?"
2010,13,M,pension,CL5,0.000184,"CL(2010-2013), CIRC Notice ????2016?107?"
2010,14,M,pension,CL5,0.000197,"CL(2010-2013), CIRC Notice ????2016?107?"
2010,15,M,pension,CL5,0.000208,"CL(2010-2013), CIRC Notice ????2016?107?"
2010,16,M,pension,CL5,0.000219,"CL(2010-2013), CIRC Notice ????2016?107?"
2010,17,M,pension,CL5,0.000227,"CL(2010-2013), CIRC Notice ????2016?107?"
2010,18,M,pension,CL5,0.000235,"CL(2010-2013), CIRC Notice ????2016?107?"
2010,19,M,pension,CL5,0.000241,"CL(2010-2013), CIRC Notice ????2016?107?"
2010,20,M,pension,CL5,0.000248,"CL(2010-2013), CIRC Notice ????2016?107?"
2010,21,M,pension,CL5,0.000256,"CL(2010-2013), CIRC Notice ????2016?107?"
2010,22,M,pension,CL5,0.000264,"CL(2010-2013), CIRC Notice ????2016?107?"
2010,23,M,pension,CL5,0.000273,"CL(2010-2013), CIRC Notice ????2016?107?"
2010,24,M,pension,CL5,0.000284,"CL(2010-2013), CIRC Notice ????2016?107?"
2010,25,M,pension,CL5,0.000297,"CL(2010-2013), CIRC Notice ????2016?107?"
2010,26,M,pension,CL5,0.000314,"CL(2010-2013), CIRC Notice ????2016?107?"
2010,27,M,pension,CL5,0.000333,"CL(2010-2013), CIRC Notice ????2016?107?"
2010,28,M,pension,CL5,0.000354,"CL(2010-2013), CIRC Notice ????2016?107?"
2010,29,M,pension,CL5,0.000379,"CL(2010-2013), CIRC Notice ????2016?107?"
2010,30,M,pension,CL5,0.000407,"CL(2010-2013), CIRC Notice ????2016?107?"
2010,31,M,pension,CL5,0.000438,"CL(2010-2013), CIRC Notice ????2016?107?"
2010,32,M,pension,CL5,0.000472,"CL(2010-2013), CIRC Notice ????2016?107?"
2010,33,M,pension,CL5,0.000509,"CL(2010-2013), CIRC Notice ????2016?107?"
2010,34,M,pension,CL5,0.000549,"CL(2010-2013), CIRC Notice ????2016?107?"
2010,35,M,pension,CL5,0.000592,"CL(2010-2013), CIRC Notice ????2016?107?"
2010,36,M,pension,CL5,0.000639,"CL(2010-2013), CIRC Notice ????2016?107?"
2010,37,M,pension,CL5,0.00069,"CL(2010-2013), CIRC Notice ????2016?107?"
2010,38,M,pension,CL5,0.000746,"CL(2010-2013), CIRC Notice ????2016?107?"
2010,39,M,pension,CL5,0.000808,"CL(2010-2013), CIRC Notice ????2016?107?"
2010,40,M,pension,CL5,0.000878,"CL(2010-2013), CIRC Notice ????2016?107?"
2010,41,M,pension,CL5,0.000955,"CL(2010-2013), CIRC Notice ????2016?107?"
2010,42,M,pension,CL5,0.001041,"CL(2010-2013), CIRC Notice ????2016?107?"
2010,43,M,pension,CL5,0.001138,"CL(2010-2013), CIRC Notice ????2016?107?"
2010,44,M,pension,CL5,0.001245,"CL(2010-2013), CIRC Notice ????2016?107?"
2010,45,M,pension,CL5,0.001364,"CL(2010-2013), CIRC Notice ????2016?107?"
2010,46,M,pension,CL5,0.001496,"CL(2010-2013), CIRC Notice ????2016?107?"
2010,47,M,pension,CL5,0.001641,"CL(2010-2013), CIRC Notice ????2016?107?"
2010,48,M,pension,CL5,0.001798,"CL(2010-2013), CIRC Notice ????2016?107?"
2010,49,M,pension,CL5,0.001967,"CL(2010-2013), CIRC Notice ????2016?107?"
2010,50,M,pension,CL5,0.002148,"CL(2010-2013), CIRC Notice ????2016?107?"
2010,51,M,pension,CL5,0.00234,"CL(2010-2013), CIRC Notice ????2016?107?"
2010,52,M,pension,CL5,0.002544,"CL(2010-2013), CIRC Notice ????2016?107?"
2010,53,M,pension,CL5,0.002759,"CL(2010-2013), CIRC Notice ????2016?107?"
2010,54,M,pension,CL5,0.002985,"CL(2010-2013), CIRC Notice ????2016?107?"
2010,55,M,pension,CL5,0.003221,"CL(2010-2013), CIRC Notice ????2016?107?"
2010,56,M,pension,CL5,0.003469,"CL(2010-2013), CIRC Notice ????2016?107?"
2010,57,M,pension,CL5,0.003731,"CL(2010-2013), CIRC Notice ????2016?107?"
2010,58,M,pension,CL5,0.004014,"CL(2010-2013), CIRC Notice ????2016?107?"
2010,59,M,pension,CL5,0.004323,"CL(2010-2013), CIRC Notice ????2016?107?"
2010,60,M,pension,CL5,0.00466,"CL(2010-2013), CIRC Notice ????2016?107?"
2010,61,M,pension,CL5,0.005034,"CL(2010-2013), CIRC Notice ????2016?107?"
2010,62,M,pension,CL5,0.005448,"CL(2010-2013), CIRC Notice ????2016?107?"
2010,63,M,pension,CL5,0.005909,"CL(2010-2013), CIRC Notice ????2016?107?"
2010,64,M,pension,CL5,0.006422,"CL(2010-2013), CIRC Notice ????2016?107?"
2010,65,M,pension,CL5,0.006988,"CL(2010-2013), CIRC Notice ????2016?107?"
2010,66,M,pension,CL5,0.00761,"CL(2010-2013), CIRC Notice ????2016?107?"
2010,67,M,pension,CL5,0.008292,"CL(2010-2013), CIRC Notice ????2016?107?"
2010,68,M,pension,CL5,0.009046,"CL(2010-2013), CIRC Notice ????2016?107?"
2010,69,M,pension,CL5,0.009897,"CL(2010-2013), CIRC Notice ????2016?107?"
2010,70,M,pension,CL5,0.010888,"CL(2010-2013), CIRC Notice ????2016?107?"
2010,71,M,pension,CL5,0.01208,"CL(2010-2013), CIRC Notice ????2016?107?"
2010,72,M,pension,CL5,0.01355,"CL(2010-2013), CIRC Notice ????2016?107?"
2010,73,M,pension,CL5,0.015387,"CL(2010-2013), CIRC Notice ????2016?107?"
2010,74,M,pension,CL5,0.017686,"CL(2010-2013), CIRC Notice ????2016?107?"
2010,75,M,pension,CL5,0.020539,"CL(2010-2013), CIRC Notice ????2016?107?"
2010,76,M,pension,CL5,0.024017,"CL(2010-2013), CIRC Notice ????2016?107?"
2010,77,M,pension,CL5,0.028162,"CL(2010-2013), CIRC Notice ????2016?107?"
2010,78,M,pension,CL5,0.032978,"CL(2010-2013), CIRC Notice ????2016?107?"
2010,79,M,pension,CL5,0.038437,"CL(2010-2013), CIRC Notice ????2016?107?"
2010,80,M,pension,CL5,0.044492,"CL(2010-2013), CIRC Notice ????2016?107?"
2010,81,M,pension,CL5,0.051086,"CL(2010-2013), CIRC Notice ????2016?107?"
2010,82,M,pension,CL5,0.058173,"CL(2010-2013), CIRC Notice ????2016?107?"
2010,83,M,pension,CL5,0.065722,"CL(2010-2013), CIRC Notice ????2016?107?"
2010,84,M,pension,CL5,0.073729,"CL(2010-2013), CIRC Notice ????2016?107?"
2010,85,M,pension,CL5,0.082223,"CL(2010-2013), CIRC Notice ????2016?107?"
2010,86,M,pension,CL5,0.091239,"CL(2010-2013), CIRC Notice ????2016?107?"
2010,87,M,pension,CL5,0.1009,"CL(2010-2013), CIRC Notice ????2016?107?"
2010,88,M,pension,CL5,0.111321,"CL(2010-2013), CIRC Notice ????2016?107?"
2010,89,M,pension,CL5,0.122608,"CL(2010-2013), CIRC Notice ????2016?107?"
2010,90,M,pension,CL5,0.13487,"CL(2010-2013), CIRC Notice ????2016?107?"
2010,91,M,pension,CL5,0.148212,"CL(2010-2013), CIRC Notice ????2016?107?"
2010,92,M,pension,CL5,0.162742,"CL(2010-2013), CIRC Notice ????2016?107?"
2010,93,M,pension,CL5,0.178566,"CL(2010-2013), CIRC Notice ????2016?107?"
2010,94,M,pension,CL5,0.195793,"CL(2010-2013), CIRC Notice ????2016?107?"
2010,95,M,pension,CL5,0.214499,"CL(2010-2013), CIRC Notice ????2016?107?"
2010,96,M,pension,CL5,0.23465,"CL(2010-2013), CIRC Notice ????2016?107?"
2010,97,M,pension,CL5,0.25618,"CL(2010-2013), CIRC Notice ????2016?107?"
2010,98,M,pension,CL5,0.279025,"CL(2010-2013), CIRC Notice ????2016?107?"
2010,99,M,pension,CL5,0.30312,"CL(2010-2013), CIRC Notice ????2016?107?"
2010,100,M,pension,CL5,0.328401,"CL(2010-2013), CIRC Notice ????2016?107?"
2010,101,M,pension,CL5,0.354803,"CL(2010-2013), CIRC Notice ????2016?107?"
2010,102,M,pension,CL5,0.382261,"CL(2010-2013), CIRC Notice ????2016?107?"
2010,103,M,pension,CL5,0.41071,"CL(2010-2013), CIRC Notice ????2016?107?"
2010,104,M,pension,CL5,0.440086,"CL(2010-2013), CIRC Notice ????2016?107?"
2010,105,M,pension,CL5,1.0,"CL(2010-2013), CIRC Notice ????2016?107?"
