date,csi300,sp500,stoxx50
2022-09-07,4054.983,3979.8701,3502.09
2022-09-08,4037.684,4006.1799,3512.38
2022-09-09,4093.787,4067.3601,3570.04
2022-09-13,4111.115,3932.6899,3586.18
2022-09-14,4065.359,3946.01,3567.56
2022-09-15,4027.119,3901.3501,3541.79
2022-09-16,3932.683,3873.3301,3500.41
2022-09-19,3928.0,3899.8899,3499.49
2022-09-20,3932.836,3855.9299,3467.09
2022-09-21,3903.735,3789.9299,3491.87
2022-09-22,3869.344,3757.99,3427.14
2022-09-23,3856.021,3693.23,3348.6
2022-09-26,3836.677,3655.04,3342.56
2022-09-27,3892.295,3647.29,3328.65
2022-09-28,3828.71,3719.04,3335.3
2022-09-29,3827.143,3640.47,3279.04
2022-09-30,3804.885,3585.6201,3318.2
2022-10-10,3720.937,3612.3899,3356.88
2022-10-11,3727.687,3588.8401,3340.35
2022-10-12,3784.306,3577.03,3331.53
2022-10-13,3752.673,3669.9099,3362.4
2022-10-14,3842.47,3583.0701,3381.73
2022-10-17,3846.412,3677.95,3441.64
2022-10-18,3838.267,3719.98,3463.83
2022-10-19,3776.534,3695.1599,3471.24
2022-10-20,3754.927,3665.78,3492.85
2022-10-21,3742.893,3752.75,3476.63
2022-10-24,3633.373,3797.3401,3527.79
2022-10-25,3627.454,3859.1101,3585.58
2022-10-26,3656.903,3830.6001,3605.31
2022-10-27,3631.145,3807.3,3604.51
2022-10-28,3541.33,3901.0601,3613.02
2022-10-31,3508.703,3871.98,3617.54
2022-11-01,3634.173,3856.1001,3651.02
2022-11-02,3677.805,3759.6899,3622.01
2022-11-03,3647.897,3719.8899,3593.18
2022-11-04,3767.175,3770.55,3688.33
2022-11-07,3775.297,3806.8,3708.8
2022-11-08,3749.325,3828.1101,3739.28
2022-11-09,3714.27,3748.5701,3728.03
2022-11-10,3685.689,3956.3701,3846.56
2022-11-11,3788.439,3992.9299,3868.5
2022-11-14,3794.017,3957.25,3887.51
2022-11-15,3865.973,3991.73,3915.09
2022-11-16,3834.39,3958.79,3882.78
2022-11-17,3818.664,3946.5601,3878.42
2022-11-18,3801.569,3965.3401,3924.84
2022-11-21,3769.127,3949.9399,3909.28
2022-11-22,3769.573,4003.5801,3929.9
2022-11-23,3773.529,4027.26,3946.44
2022-11-25,3775.776,4026.1201,3962.41
2022-11-28,3733.242,3963.9399,3935.51
2022-11-29,3848.422,3957.6299,3934.44
2022-11-30,3853.037,4080.1101,3964.72
2022-12-01,3894.769,4076.5701,3984.5
2022-12-02,3870.948,4071.7,3977.9
2022-12-05,3946.876,3998.8401,3956.53
2022-12-06,3968.198,3941.26,3939.19
2022-12-07,3958.441,3933.9199,3920.9
2022-12-08,3959.18,3963.51,3921.27
2022-12-09,3998.244,3934.3799,3942.62
2022-12-12,3953.443,3990.5601,3921.82
2022-12-13,3945.681,4019.6499,3986.83
2022-12-14,3954.886,3995.3201,3975.26
2022-12-15,3951.989,3895.75,3835.7
2022-12-16,3954.227,3852.3601,3804.02
2022-12-19,3893.221,3817.6599,3811.24
2022-12-20,3829.017,3821.6201,3802.49
2022-12-21,3830.538,3878.4399,3872.15
2022-12-22,3836.028,3822.3899,3823.29
2022-12-23,3828.219,3844.8201,3817.01
2022-12-27,3887.854,3829.25,3832.89
2022-12-28,3871.264,3783.22,3808.82
2022-12-29,3856.701,3849.28,3850.07
2022-12-30,3871.634,3839.5,3793.62
2023-01-03,3887.899,3824.1399,3882.29
2023-01-04,3892.948,3852.97,3973.97
2023-01-05,3968.578,3808.1001,3959.48
2023-01-06,3980.889,3895.0801,4017.83
2023-01-09,4013.12,3892.0901,4068.62
2023-01-10,4017.474,3919.25,4057.46
2023-01-11,4010.031,3969.6101,4099.76
2023-01-12,4017.869,3983.1699,4126.68
2023-01-13,4074.377,3999.0901,4150.8
2023-01-17,4137.242,3990.97,4174.33
2023-01-18,4130.314,3928.8601,4174.34
2023-01-19,4156.008,3898.8501,4094.28
2023-01-20,4181.527,3972.6101,4119.9
2023-01-30,4201.345,4017.77,4158.63
2023-01-31,4156.858,4076.6001,4163.45
2023-02-01,4195.933,4119.21,4171.44
2023-02-02,4181.149,4179.7598,4241.12
2023-02-03,4141.632,4136.48,4257.98
2023-02-06,4086.878,4111.0801,4205.45
2023-02-07,4094.234,4164.0,4209.31
2023-02-08,4076.141,4117.8599,4209.15
2023-02-09,4130.857,4081.5,4250.14
2023-02-10,4106.31,4090.46,4197.94
2023-02-13,4143.574,4137.29,4241.36
2023-02-14,4145.29,4136.1299,4238.76
2023-02-15,4123.689,4147.6001,4280.04
2023-02-16,4093.488,4090.4099,4297.24
2023-02-17,4034.507,4079.0901,4274.92
2023-02-21,4144.354,3997.3401,4250.4
2023-02-22,4106.951,3991.05,4242.88
2023-02-23,4103.646,4012.3201,4258.16
2023-02-24,4061.046,3970.04,4178.82
2023-02-27,4043.844,3982.24,4248.01
2023-02-28,4069.459,3970.1499,4238.38
2023-03-01,4126.942,3951.3899,4215.75
2023-03-02,4117.738,3981.3501,4240.59
2023-03-03,4130.551,4045.6399,4294.8
2023-03-06,4109.01,4048.4199,4313.78
2023-03-07,4048.852,3986.3701,4278.96
2023-03-08,4034.108,3992.01,4288.45
2023-03-09,4019.851,3918.3201,4286.12
2023-03-10,3967.135,3861.5901,4229.53
2023-03-13,4008.686,3855.76,4096.54
2023-03-14,3984.696,3919.29,4179.47
2023-03-15,3986.902,3891.9299,4034.92
2023-03-16,3939.151,3960.28,4116.98
2023-03-17,3958.819,3916.6399,4064.99
2023-03-20,3939.077,3951.5701,4119.42
2023-03-21,3982.378,4002.8701,4181.6
2023-03-22,3999.443,3936.97,4195.7
2023-03-23,4039.09,3948.72,4207.14
2023-03-24,4027.046,3970.99,4130.62
2023-03-27,4012.477,3977.53,4164.62
2023-03-28,3999.515,3971.27,4168.21
2023-03-29,4006.144,4027.8101,4231.27
2023-03-30,4038.526,4050.8301,4285.42
2023-03-31,4050.926,4109.3101,4315.05
2023-04-03,4090.568,4124.5098,4311.05
2023-04-04,4103.105,4100.6001,4315.32
2023-04-06,4096.64,4105.02,4309.45
2023-04-11,4100.148,4108.9399,4333.29
2023-04-12,4097.288,4091.95,4334.03
2023-04-13,4068.979,4146.2202,4363.24
2023-04-14,4091.999,4137.6401,4390.75
2023-04-17,4149.384,4151.3198,4367.61
2023-04-18,4162.032,4154.8701,4393.95
2023-04-19,4124.559,4154.52,4393.57
2023-04-20,4113.019,4129.79,4384.86
2023-04-21,4032.567,4133.52,4408.59
2023-04-24,3982.643,4137.04,4401.8
2023-04-25,3962.666,4071.6299,4377.85
2023-04-26,3959.232,4055.99,4347.71
2023-04-27,3988.419,4135.3501,4358.05
2023-04-28,4029.086,4169.48,4359.31
2023-05-04,4030.247,4061.22,4287.03
2023-05-05,4016.877,4136.25,4340.43
2023-05-08,4062.662,4138.1201,4348.65
2023-05-09,4027.875,4119.1699,4323.09
2023-05-10,3996.87,4137.6401,4306.76
2023-05-11,3990.664,4130.6201,4309.75
2023-05-12,3937.762,4124.0801,4317.88
2023-05-15,3998.887,4136.2798,4316.41
2023-05-16,3978.205,4109.8999,4315.51
2023-05-17,3960.165,4158.77,4323.23
2023-05-18,3956.07,4198.0498,4367.45
2023-05-19,3944.54,4191.98,4395.3
2023-05-22,3969.328,4192.6299,4385.63
2023-05-23,3913.188,4145.5801,4342.38
2023-05-24,3859.094,4115.2402,4263.74
2023-05-25,3850.5,4151.2798,4269.64
2023-05-26,3850.951,4205.4502,4337.5
2023-05-30,3837.753,4205.52,4291.58
2023-05-31,3798.543,4179.8301,4218.04
2023-06-01,3806.868,4221.02,4257.61
2023-06-02,3861.834,4282.3701,4323.52
2023-06-05,3844.249,4273.79,4293.24
2023-06-06,3808.163,4283.8501,4295.22
2023-06-07,3789.342,4267.52,4291.91
2023-06-08,3820.187,4293.9302,4297.68
2023-06-09,3836.703,4298.8599,4289.79
2023-06-12,3844.432,4338.9302,4316.49
2023-06-13,3864.907,4369.0098,4347.55
2023-06-14,3864.025,4372.5898,4375.98
2023-06-15,3925.499,4425.8398,4365.12
2023-06-16,3963.351,4409.5898,4394.82
2023-06-20,3924.238,4388.71,4343.14
2023-06-21,3864.032,4365.6899,4322.75
2023-06-26,3809.696,4328.8198,4280.57
2023-06-27,3845.433,4378.4102,4305.26
2023-06-28,3840.799,4376.8599,4344.75
2023-06-29,3821.844,4396.4399,4354.69
2023-06-30,3842.452,4450.3799,4399.09
2023-07-03,3892.882,4455.5898,4398.15
2023-07-05,3868.805,4446.8198,4350.71
2023-07-06,3842.755,4411.5898,4223.09
2023-07-07,3825.699,4398.9502,4236.6
2023-07-10,3844.327,4409.5298,4256.51
2023-07-11,3869.486,4439.2598,4286.56
2023-07-12,3843.437,4472.1602,4360.46
2023-07-13,3898.423,4510.04,4391.76
2023-07-14,3899.103,4505.4199,4400.11
2023-07-17,3867.175,4522.79,4356.79
2023-07-18,3854.939,4554.98,4369.73
2023-07-19,3850.866,4565.7202,4362.28
2023-07-20,3823.695,4534.8701,4373.73
2023-07-21,3821.91,4536.3398,4391.41
2023-07-24,3805.221,4554.6401,4383.03
2023-07-25,3915.115,4567.46,4391.3
2023-07-26,3907.013,4566.75,4346.15
2023-07-27,3902.346,4537.4102,4447.44
2023-07-28,3992.738,4582.23,4466.5
2023-07-31,4014.63,4588.96,4471.31
2023-08-01,3998.001,4576.73,4407.54
2023-08-02,3969.895,4513.3901,4336.5
2023-08-03,4004.984,4501.8901,4304.63
2023-08-04,4020.579,4478.0298,4332.91
2023-08-07,3990.153,4518.4399,4337.5
2023-08-08,3979.732,4499.3799,4288.85
2023-08-09,3967.565,4467.71,4317.33
2023-08-10,3975.717,4468.8301,4384.04
2023-08-11,3884.254,4464.0498,4321.33
2023-08-14,3855.906,4489.7202,4330.23
2023-08-15,3846.536,4437.8599,4288.57
2023-08-16,3818.334,4404.3301,4284.27
2023-08-17,3831.101,4370.3599,4227.83
2023-08-18,3784.004,4369.71,4212.95
2023-08-21,3729.555,4399.77,4224.87
2023-08-22,3758.227,4387.5498,4260.37
2023-08-23,3696.634,4436.0098,4266.67
2023-08-24,3723.429,4376.3101,4232.22
2023-08-25,3709.152,4405.71,4236.25
2023-08-28,3752.619,4433.3101,4293.69
2023-08-29,3790.107,4497.6299,4326.47
2023-08-30,3788.51,4514.8701,4315.31
2023-08-31,3765.268,4507.6602,4297.11
2023-09-01,3791.491,4515.77,4282.64
2023-09-05,3820.317,4496.8301,4269.16
2023-09-06,3812.028,4465.48,4238.26
2023-09-07,3758.475,4451.1401,4221.02
2023-09-08,3739.993,4457.4902,4237.19
2023-09-11,3767.537,4487.46,4254.33
2023-09-12,3760.605,4461.8999,4242.27
2023-09-13,3736.651,4467.4399,4223.48
2023-09-14,3733.508,4505.1001,4279.75
2023-09-15,3708.777,4450.3198,4295.05
2023-09-18,3727.711,4453.5298,4245.88
2023-09-19,3720.502,4443.9502,4242.7
2023-09-20,3705.69,4402.2002,4275.98
2023-09-21,3672.445,4330.0,4212.59
2023-09-22,3738.933,4320.0601,4207.16
2023-09-25,3714.604,4337.4399,4167.37
2023-09-26,3692.893,4273.5298,4129.18
2023-09-27,3700.495,4274.5098,4131.68
2023-09-28,3689.517,4299.7002,4161.56
2023-10-09,3684.727,4335.6602,4112.57
2023-10-10,3657.126,4358.2402,4205.23
2023-10-11,3667.548,4376.9502,4200.8
2023-10-12,3702.382,4349.6099,4198.23
2023-10-13,3663.41,4327.7798,4136.12
2023-10-16,3626.597,4373.6299,4149.86
2023-10-17,3639.402,4373.2002,4152.32
2023-10-18,3610.577,4314.6001,4105.86
2023-10-19,3533.545,4278.0,4090.33
2023-10-20,3510.589,4224.1602,4024.68
2023-10-23,3474.244,4217.04,4041.75
2023-10-24,3487.13,4247.6802,4065.37
2023-10-25,3504.458,4186.77,4073.35
2023-10-26,3514.145,4137.23,4049.4
2023-10-27,3562.385,4117.3701,4014.36
2023-10-30,3583.772,4166.8198,4028.32
2023-10-31,3572.506,4193.7998,4061.12
2023-11-01,3571.027,4237.8599,4091.71
2023-11-02,3554.189,4317.7798,4169.62
2023-11-03,3584.136,4358.3398,4174.67
2023-11-06,3632.608,4365.98,4158.64
2023-11-07,3619.759,4378.3799,4153.37
2023-11-08,3611.072,4382.7798,4178.49
2023-11-09,3612.826,4347.3501,4229.2
2023-11-10,3586.489,4415.2402,4197.36
2023-11-13,3579.414,4411.5498,4232.19
2023-11-14,3582.058,4495.7002,4291.72
2023-11-15,3607.245,4502.8799,4315.53
2023-11-16,3572.364,4508.2402,4302.45
2023-11-17,3568.069,4514.02,4340.77
2023-11-20,3576.323,4547.3799,4342.41
2023-11-21,3581.067,4538.1899,4331.9
2023-11-22,3544.416,4556.6201,4352.02
2023-11-24,3538.009,4559.3398,4372.1
2023-11-27,3511.942,4550.4302,4354.41
2023-11-28,3518.523,4554.8901,4348.02
2023-11-29,3488.307,4550.5801,4370.53
2023-11-30,3496.203,4567.7998,4382.47
2023-12-01,3482.881,4594.6299,4418.51
2023-12-04,3460.138,4569.7798,4414.95
2023-12-05,3394.257,4567.1802,4452.77
2023-12-06,3399.598,4549.3398,4483.26
2023-12-07,3391.282,4585.5898,4473.77
2023-12-08,3399.462,4604.3701,4523.31
2023-12-11,3419.455,4622.4399,4540.19
2023-12-12,3426.803,4643.7002,4536.61
2023-12-13,3369.605,4707.0898,4530.19
2023-12-14,3351.964,4719.5498,4539.16
2023-12-15,3341.552,4719.1899,4549.44
2023-12-18,3329.366,4740.5601,4521.13
2023-12-19,3334.041,4768.3701,4535.4
2023-12-20,3297.502,4698.3501,4533.82
2023-12-21,3330.87,4746.75,4524.86
2023-12-22,3337.228,4754.6299,4521.47
2023-12-27,3336.357,4781.5801,4528.38
2023-12-28,3414.54,4783.3501,4514.38
2023-12-29,3431.11,4769.8301,4521.65
2024-01-02,3386.352,4742.8301,4512.81
2024-01-03,3378.297,4704.8101,4448.13
2024-01-04,3347.052,4688.6802,4474.01
2024-01-05,3329.111,4697.2402,4463.51
2024-01-08,3286.056,4763.54,4485.48
2024-01-09,3292.499,4756.5,4467.17
2024-01-10,3277.129,4783.4502,4468.98
2024-01-11,3295.672,4780.2402,4442.28
2024-01-12,3284.167,4783.8301,4480.02
2024-01-16,3300.876,4765.98,4446.51
2024-01-17,3229.082,4739.21,4403.08
2024-01-18,3274.729,4780.9399,4453.05
2024-01-19,3269.776,4839.8101,4448.83
2024-01-22,3218.902,4850.4302,4480.32
2024-01-23,3231.933,4864.6001,4465.91
2024-01-24,3277.109,4868.5498,4564.11
2024-01-25,3342.919,4894.1602,4582.26
2024-01-26,3333.821,4890.9702,4635.47
2024-01-29,3303.96,4927.9302,4639.36
2024-01-30,3245.039,4924.9702,4662.7
2024-01-31,3215.352,4845.6499,4648.4
2024-02-01,3217.711,4906.1899,4638.6
2024-02-02,3179.628,4958.6099,4654.55
2024-02-05,3200.422,4942.8101,4655.27
2024-02-06,3311.692,4954.23,4690.87
2024-02-07,3343.63,4995.0601,4678.85
2024-02-08,3364.93,4997.9102,4710.78
2024-02-20,3410.854,4975.5098,4760.28
2024-02-21,3456.871,4981.7998,4775.31
2024-02-22,3486.675,5087.0298,4855.36
2024-02-23,3489.742,5088.7998,4872.57
2024-02-26,3453.359,5069.5298,4864.29
2024-02-27,3494.787,5078.1802,4885.74
2024-02-28,3450.26,5069.7598,4883.77
2024-02-29,3516.083,5096.27,4877.77
2024-03-01,3537.804,5137.0801,4894.86
2024-03-04,3540.869,5130.9502,4912.92
2024-03-05,3565.514,5078.6499,4893.07
2024-03-06,3551.048,5104.7598,4915.49
2024-03-07,3529.72,5157.3599,4974.22
2024-03-08,3544.91,5123.6899,4961.11
2024-03-11,3589.264,5117.9399,4930.42
2024-03-12,3597.494,5175.27,4983.2
2024-03-13,3572.361,5165.3101,5000.55
2024-03-14,3562.223,5150.48,4993.12
2024-03-15,3569.993,5117.0898,4986.02
2024-03-18,3603.528,5149.4199,4982.76
2024-03-19,3577.63,5178.5098,5007.92
2024-03-20,3585.384,5224.6201,5000.31
2024-03-21,3581.09,5241.5298,5052.31
2024-03-22,3545.002,5234.1802,5031.15
2024-03-25,3525.763,5218.1899,5044.19
2024-03-26,3543.747,5203.5801,5064.18
2024-03-27,3502.787,5248.4902,5081.74
2024-03-28,3520.965,5254.3501,5083.42
2024-04-02,3580.676,5205.8101,5042.0
2024-04-03,3567.803,5211.4902,5069.25
2024-04-08,3536.408,5202.3901,5046.05
2024-04-09,3533.487,5209.9102,4990.9
2024-04-10,3504.709,5160.6401,5000.83
2024-04-11,3504.245,5199.0601,4966.68
2024-04-12,3475.839,5123.4102,4955.01
2024-04-15,3549.076,5061.8198,4984.48
2024-04-16,3511.115,5051.4102,4916.99
2024-04-17,3565.403,5022.21,4914.13
2024-04-18,3569.802,5011.1201,4936.57
2024-04-19,3541.662,4967.23,4918.09
2024-04-22,3530.905,5010.6001,4936.85
2024-04-23,3506.225,5070.5498,5008.17
2024-04-24,3521.622,5071.6299,4989.88
2024-04-25,3530.281,5048.4199,4939.01
2024-04-26,3584.269,5099.96,5006.85
2024-04-29,3623.912,5116.1699,4981.09
2024-04-30,3604.394,5035.6899,4921.22
2024-05-06,3657.877,5180.7402,4956.96
2024-05-07,3659.008,5187.7002,5016.1
2024-05-08,3630.223,5187.6699,5038.17
2024-05-09,3664.561,5214.0801,5054.41
2024-05-10,3666.277,5222.6802,5085.08
2024-05-13,3664.691,5221.4199,5078.96
2024-05-14,3657.045,5246.6802,5080.29
2024-05-15,3626.056,5308.1499,5100.9
2024-05-16,3640.359,5297.1001,5072.45
2024-05-17,3677.97,5303.27,5064.14
2024-05-20,3690.962,5308.1299,5074.34
2024-05-21,3676.161,5321.4102,5046.99
2024-05-22,3684.451,5307.0098,5025.17
2024-05-23,3641.792,5267.8398,5037.6
2024-05-24,3601.475,5304.7202,5035.41
2024-05-28,3609.172,5306.04,5030.35
2024-05-29,3613.522,5266.9502,4963.2
2024-05-30,3594.312,5235.48,4982.18
2024-05-31,3579.925,5277.5098,4983.67
2024-06-03,3588.748,5283.3999,5003.54
2024-06-04,3615.671,5291.3398,4953.37
2024-06-05,3594.794,5354.0298,5035.66
2024-06-06,3592.245,5352.96,5069.09
2024-06-07,3574.114,5346.9902,5051.31
2024-06-11,3542.877,5375.3198,4965.09
2024-06-12,3544.123,5421.0298,5034.43
2024-06-13,3526.131,5433.7402,4935.5
2024-06-14,3541.533,5431.6001,4839.14
2024-06-17,3536.199,5473.23,4880.42
2024-06-18,3545.59,5487.0298,4915.47
2024-06-20,3503.282,5473.1699,4947.73
2024-06-21,3495.62,5464.6201,4907.3
2024-06-24,3476.81,5447.8701,4950.98
2024-06-25,3457.902,5469.2998,4935.97
2024-06-26,3480.265,5477.8999,4915.94
2024-06-27,3454.118,5482.8701,4902.6
2024-06-28,3461.657,5460.48,4894.02
2024-07-01,3478.183,5475.0898,4929.99
2024-07-02,3471.786,5509.0098,4906.33
2024-07-03,3463.414,5537.02,4965.8
2024-07-05,3431.061,5567.1899,4979.39
2024-07-08,3401.76,5572.8501,4969.82
2024-07-09,3439.811,5576.98,4903.61
2024-07-10,3428.966,5633.9102,4958.85
2024-07-11,3468.169,5584.54,4976.12
2024-07-12,3472.401,5615.3501,5043.01
2024-07-15,3476.247,5631.2202,4983.11
2024-07-16,3498.283,5667.2002,4947.83
2024-07-17,3501.584,5588.27,4891.46
2024-07-18,3520.931,5544.5898,4870.12
2024-07-19,3539.016,5505.0,4827.24
2024-07-22,3514.925,5564.4102,4897.44
2024-07-23,3439.878,5555.7402,4916.8
2024-07-24,3418.166,5427.1299,4861.87
2024-07-25,3399.272,5399.2202,4811.28
2024-07-26,3409.293,5459.1001,4862.5
2024-07-29,3390.742,5463.54,4815.39
2024-07-30,3369.382,5436.4399,4841.0
2024-07-31,3442.084,5522.2998,4872.93
2024-08-01,3419.267,5446.6802,4765.71
2024-08-02,3384.392,5346.5601,4638.69
2024-08-05,3343.321,5186.3301,4571.59
2024-08-06,3342.979,5240.0298,4575.21
2024-08-07,3341.489,5199.5,4668.05
2024-08-08,3342.937,5319.3101,4668.73
2024-08-09,3331.627,5344.1602,4675.27
2024-08-12,3325.865,5344.3901,4671.87
2024-08-13,3334.39,5434.4302,4694.91
2024-08-14,3309.239,5455.21,4727.6
2024-08-15,3341.953,5543.2202,4807.76
2024-08-16,3345.634,5554.25,4840.51
2024-08-19,3356.968,5608.25,4871.4
2024-08-20,3332.703,5597.1201,4857.57
2024-08-21,3321.635,5620.8501,4885.27
2024-08-22,3313.136,5570.6401,4884.99
2024-08-23,3327.191,5634.6099,4909.19
2024-08-26,3324.223,5616.8398,4896.68
2024-08-27,3305.334,5625.7998,4898.77
2024-08-28,3286.496,5592.1802,4913.02
2024-08-29,3277.681,5591.96,4966.26
2024-08-30,3321.432,5648.3999,4957.98
2024-09-03,3273.428,5528.9302,4912.51
2024-09-04,3252.165,5520.0698,4848.17
2024-09-05,3257.758,5503.4102,4815.14
2024-09-06,3231.346,5408.4199,4738.05
2024-09-09,3192.952,5471.0498,4778.66
2024-09-10,3195.755,5495.52,4747.2
2024-09-11,3186.13,5554.1299,4763.57
2024-09-12,3172.475,5595.7598,4814.07
2024-09-13,3159.247,5626.02,4843.98
2024-09-18,3171.01,5618.2598,4835.29
2024-09-19,3196.036,5713.6401,4943.37
2024-09-20,3201.05,5702.5498,4871.53
2024-09-23,3212.764,5718.5698,4885.56
2024-09-24,3351.909,5732.9302,4940.71
2024-09-25,3401.533,5722.2598,4916.9
2024-09-26,3545.32,5745.3701,5032.58
2024-09-27,3703.685,5738.1699,5067.44
2024-09-30,4017.855,5762.48,5000.45
2024-10-08,4256.096,5751.1299,4949.0
2024-10-09,3955.984,5792.04,4982.57
2024-10-10,3997.788,5780.0498,4970.33
2024-10-11,3887.167,5815.0298,5003.92
2024-10-14,3961.342,5859.8501,5041.0
2024-10-15,3855.995,5815.2598,4946.73
2024-10-16,3831.589,5842.4702,4908.71
2024-10-17,3788.222,5841.4702,4947.3
2024-10-18,3925.234,5864.6699,4986.26
2024-10-21,3935.197,5853.98,4941.21
2024-10-22,3957.776,5851.2002,4939.31
2024-10-23,3973.209,5797.4199,4922.54
2024-10-24,3928.833,5809.8599,4935.44
2024-10-25,3956.421,5808.1201,4943.08
2024-10-28,3964.157,5823.52,4969.83
2024-10-29,3924.649,5832.9199,4950.02
2024-10-30,3889.449,5813.6699,4885.74
2024-10-31,3891.04,5705.4502,4827.62
2024-11-01,3890.02,5728.7998,4877.74
2024-11-04,3944.762,5712.6899,4852.1
2024-11-05,4044.573,5782.7598,4870.32
2024-11-06,4024.283,5929.04,4800.62
2024-11-07,4145.695,5973.1001,4851.95
2024-11-08,4104.047,5995.54,4802.75
2024-11-11,4131.131,6001.3501,4854.02
2024-11-12,4085.743,5983.9902,4744.68
2024-11-13,4110.89,5985.3799,4740.34
2024-11-14,4039.619,5949.1699,4833.53
2024-11-15,3968.831,5870.6201,4794.85
2024-11-18,3950.381,5893.6201,4790.33
2024-11-19,3976.891,5916.98,4751.23
2024-11-20,3985.773,5917.1099,4729.7
2024-11-21,3989.298,5948.71,4755.83
2024-11-22,3865.699,5969.3398,4789.07
2024-11-25,3848.091,5987.3701,4799.87
2024-11-26,3840.185,6021.6299,4761.99
2024-11-27,3907.045,5998.7402,4733.14
2024-11-29,3916.583,6032.3799,4804.4
2024-12-02,3947.632,6047.1499,4846.73
2024-12-03,3951.891,6049.8799,4878.51
2024-12-04,3930.557,6086.4902,4919.02
2024-12-05,3921.588,6075.1099,4951.58
2024-12-06,3973.141,6090.27,4977.78
2024-12-09,3966.571,6052.8501,4985.45
2024-12-10,3995.637,6034.9102,4951.73
2024-12-11,3988.831,6084.1899,4959.34
2024-12-12,4028.505,6051.25,4965.52
2024-12-13,3933.181,6051.0898,4967.94
2024-12-16,3911.842,6074.0801,4947.03
2024-12-17,3922.033,6050.6099,4942.58
2024-12-18,3941.89,5872.1602,4957.27
2024-12-19,3945.464,5867.0801,4878.99
2024-12-20,3927.744,5930.8501,4862.28
2024-12-23,3933.572,5974.0698,4852.92
2024-12-24,3983.688,6040.04,4857.86
2024-12-27,3981.031,5970.8398,4898.87
2024-12-30,3999.055,5906.9399,4869.29
2024-12-31,3934.911,5881.6299,4895.99
2025-01-02,3820.395,5868.5498,4917.88
2025-01-03,3775.165,5942.4702,4871.46
2025-01-06,3768.97,5975.3799,4986.63
2025-01-07,3796.106,5909.0298,5011.81
2025-01-08,3789.215,5918.25,4996.38
2025-01-10,3732.481,5827.04,4977.26
2025-01-13,3722.513,5836.2202,4954.21
2025-01-14,3820.54,5842.9102,4980.47
2025-01-15,3796.026,5949.9102,5032.31
2025-01-16,3800.384,5937.3398,5106.93
2025-01-17,3812.343,5996.6602,5148.3
2025-01-21,3832.615,6049.2402,5165.96
2025-01-22,3797.017,6086.3701,5205.83
2025-01-23,3803.744,6118.71,5217.49
2025-01-24,3832.864,6101.2402,5219.36
2025-01-27,3817.08,6012.2798,5188.44
2025-02-05,3795.085,6061.48,5271.12
2025-02-06,3842.831,6083.5698,5356.63
2025-02-07,3892.703,6025.9902,5325.4
2025-02-10,3901.062,6066.4399,5358.3
2025-02-11,3883.135,6068.5,5390.91
2025-02-12,3919.862,6051.9702,5405.65
2025-02-13,3905.14,6115.0698,5500.5
2025-02-14,3939.009,6114.6299,5493.4
2025-02-18,3912.783,6129.5801,5533.83
2025-02-19,3940.16,6144.1499,5461.16
2025-02-20,3928.896,6117.52,5461.02
2025-02-21,3978.444,6013.1299,5474.84
2025-02-24,3969.717,5983.25,5453.75
2025-02-25,3925.651,5955.25,5447.89
2025-02-26,3959.941,5956.0601,5527.98
2025-02-27,3968.116,5861.5698,5472.55
2025-02-28,3890.049,5954.5,5463.53
2025-03-03,3888.474,5849.7202,5540.68
2025-03-04,3885.221,5778.1499,5387.3
2025-03-05,3902.571,5842.6299,5489.11
2025-03-06,3956.237,5738.52,5520.46
2025-03-07,3944.014,5770.2002,5468.4
2025-03-10,3928.802,5614.5601,5386.97
2025-03-11,3941.416,5572.0698,5309.89
2025-03-12,3927.232,5599.2998,5359.41
2025-03-13,3911.579,5521.52,5328.38
2025-03-14,4006.557,5638.9399,5404.17
2025-03-17,3996.788,5675.1201,5445.54
2025-03-18,4007.723,5614.6602,5485.0
2025-03-19,4010.168,5675.29,5507.35
2025-03-20,3974.992,5662.8901,5450.92
2025-03-21,3914.696,5667.5601,5423.82
2025-03-24,3934.849,5767.5698,5415.78
2025-03-25,3932.295,5776.6499,5475.07
2025-03-26,3919.357,5712.2002,5411.68
2025-03-27,3932.412,5693.3101,5381.07
2025-03-28,3915.166,5580.9399,5331.39
2025-03-31,3887.306,5611.8501,5248.38
2025-04-01,3887.684,5633.0698,5320.29
2025-04-02,3884.386,5670.9702,5303.94
2025-04-03,3861.503,5396.52,5113.27
2025-04-07,3589.441,5062.25,4656.4
2025-04-08,3650.759,4982.77,4773.64
2025-04-09,3686.794,5456.8999,4622.13
2025-04-10,3735.115,5268.0498,4818.91
2025-04-11,3750.517,5363.3599,4787.22
2025-04-14,3759.142,5405.9702,4911.38
2025-04-15,3761.235,5396.6299,4970.42
2025-04-16,3772.82,5275.7002,4966.49
2025-04-17,3772.222,5282.7002,4935.33
2025-04-21,3784.881,5158.2002,5154.11
2025-04-22,3783.952,5287.7598,4961.44
2025-04-23,3786.882,5375.8599,5098.73
2025-04-24,3784.357,5484.77,5114.97
2025-04-25,3786.994,5525.21,5154.11
2025-04-28,3781.619,5528.75,5170.5
2025-04-29,3775.077,5560.8301,5161.91
2025-04-30,3770.571,5569.0601,5160.23
2025-05-06,3808.542,5606.9102,5263.37
2025-05-07,3831.627,5631.2798,5230.18
2025-05-08,3852.896,5663.9399,5288.93
2025-05-09,3846.157,5659.9102,5309.73
2025-05-12,3890.61,5844.1899,5392.35
2025-05-13,3896.258,5886.5498,5416.2
2025-05-14,3943.211,5892.5801,5403.43
2025-05-15,3907.199,5916.9302,5412.07
2025-05-16,3889.085,5958.3799,5427.52
2025-05-19,3877.145,5963.6001,5427.22
2025-05-20,3898.171,5940.46,5454.66
2025-05-21,3916.381,5844.6099,5454.47
2025-05-22,3913.865,5842.0098,5424.47
2025-05-23,3882.274,5802.8198,5326.32
2025-05-27,3839.397,5921.54,5415.44
2025-05-28,3836.237,5888.5498,5378.38
2025-05-29,3858.7,5912.1699,5371.09
2025-05-30,3840.232,5911.6899,5366.58
2025-06-03,3852.013,5970.3701,5375.69
2025-06-04,3868.743,5970.8101,5405.14
2025-06-05,3877.556,5939.2998,5410.54
2025-06-06,3873.984,6000.3599,5430.16
2025-06-09,3885.246,6005.8799,5421.51
2025-06-10,3865.465,6038.8101,5415.37
2025-06-11,3894.625,6022.2402,5393.15
2025-06-12,3892.199,6045.2598,5360.81
2025-06-13,3864.182,5976.9702,5290.47
2025-06-16,3873.795,6033.1099,5339.57
2025-06-17,3870.379,5982.7202,5288.68
2025-06-18,3874.971,5980.8701,5266.91
2025-06-20,3846.644,5967.8398,5233.58
2025-06-23,3857.902,6025.1699,5221.9
2025-06-24,3904.034,6092.1802,5297.07
2025-06-25,3960.066,6092.1602,5252.01
2025-06-26,3946.02,6141.02,5244.03
2025-06-27,3921.758,6173.0698,5325.64
2025-06-30,3936.079,6204.9502,5303.24
2025-07-01,3942.762,6198.0098,5282.43
2025-07-02,3943.685,6227.4199,5318.72
2025-07-03,3968.068,6279.3501,5343.15
2025-07-07,3965.175,6229.98,5341.54
2025-07-08,3998.453,6225.52,5371.95
2025-07-09,3991.401,6263.2598,5445.65
2025-07-10,4010.024,6280.46,5438.27
2025-07-11,4014.807,6259.75,5383.48
2025-07-14,4017.668,6268.5601,5370.85
2025-07-15,4019.064,6243.7598,5354.17
2025-07-16,4007.202,6263.7002,5298.07
2025-07-17,4034.491,6297.3599,5377.15
2025-07-18,4058.549,6296.79,5359.22
2025-07-21,4085.607,6305.6001,5342.99
2025-07-22,4118.958,6309.6201,5290.47
2025-07-23,4119.769,6358.9102,5344.26
2025-07-24,4149.037,6363.3501,5355.21
2025-07-25,4127.163,6388.6401,5352.17
2025-07-28,4135.824,6389.77,5337.57
2025-07-29,4152.025,6370.8599,5379.19
2025-07-30,4151.238,6362.8999,5393.17
2025-07-31,4075.591,6339.3901,5319.91
2025-08-01,4054.929,6238.0098,5165.59
2025-08-04,4070.702,6329.9399,5242.31
2025-08-05,4103.45,6299.1899,5249.58
2025-08-06,4113.485,6345.0601,5263.28
2025-08-07,4114.666,6340.0,5332.06
2025-08-08,4104.967,6389.4502,5347.73
2025-08-11,4122.511,6373.4502,5331.84
2025-08-12,4143.825,6445.7598,5335.96
2025-08-13,4176.578,6466.5801,5388.24
2025-08-14,4173.313,6468.54,5434.69
2025-08-15,4202.353,6449.7998,5448.6
2025-08-18,4239.413,6449.1499,5434.63
2025-08-19,4223.374,6411.3701,5483.27
2025-08-20,4271.396,6395.7798,5472.31
2025-08-21,4288.071,6370.1699,5462.15
2025-08-22,4377.998,6466.9102,5488.22
2025-08-25,4469.222,6439.3198,5443.95
2025-08-26,4452.591,6465.9399,5383.67
2025-08-27,4386.127,6481.3999,5393.06
2025-08-28,4463.782,6501.8599,5396.72
2025-08-29,4496.759,6460.2598,5351.72
2025-09-02,4490.453,6415.54,5291.03
2025-09-03,4459.83,6448.2598,5325.0
2025-09-04,4365.209,6502.0801,5346.7
2025-09-05,4460.325,6481.5,5318.14
2025-09-08,4467.573,6495.1499,5362.8
2025-09-09,4436.258,6512.6099,5368.81
2025-09-10,4445.365,6532.04,5361.46
2025-09-11,4548.035,6587.4702,5386.76
2025-09-12,4521.998,6584.29,5390.7
2025-09-15,4533.056,6615.2798,5440.39
2025-09-16,4523.337,6606.7598,5372.3
2025-09-17,4551.023,6600.3501,5369.69
2025-09-18,4498.109,6631.96,5456.66
2025-09-19,4501.92,6664.3599,5458.41
2025-09-22,4522.608,6693.75,5442.04
2025-09-23,4519.778,6656.9199,5472.38
2025-09-24,4566.071,6637.9702,5464.55
2025-09-25,4593.488,6604.7202,5444.88
2025-09-26,4550.049,6643.7002,5499.69
2025-09-29,4620.053,6661.21,5506.86
2025-09-30,4640.694,6688.46,5529.96
2025-10-09,4709.482,6735.1099,5625.56
2025-10-10,4616.834,6552.5098,5531.31
2025-10-13,4593.979,6654.7202,5568.2
2025-10-14,4539.064,6644.3101,5552.06
2025-10-15,4606.288,6671.0601,5605.04
2025-10-16,4618.422,6629.0698,5652.02
2025-10-17,4514.235,6664.0098,5607.38
2025-10-20,4538.22,6735.1299,5680.92
2025-10-21,4607.872,6735.3501,5686.82
2025-10-22,4592.57,6699.3999,5639.2
2025-10-23,4606.345,6738.4399,5668.32
2025-10-24,4660.684,6791.6899,5674.49
2025-10-27,4716.019,6875.1602,5711.05
2025-10-28,4691.973,6890.8901,5704.34
2025-10-29,4747.838,6890.5898,5705.8
2025-10-30,4709.911,6822.3398,5699.17
2025-10-31,4640.668,6840.2002,5662.03
2025-11-03,4653.403,6851.9702,5679.24
2025-11-04,4618.699,6771.5498,5660.19
2025-11-05,4627.257,6796.29,5669.12
2025-11-06,4693.403,6720.3198,5611.17
2025-11-07,4678.794,6728.7998,5566.52
2025-11-10,4695.051,6832.4302,5664.45
2025-11-11,4652.166,6846.6099,5725.69
2025-11-12,4645.908,6850.9199,5787.3
2025-11-13,4702.074,6737.4902,5742.78
2025-11-14,4628.14,6734.1099,5693.76
2025-11-17,4598.053,6672.4102,5640.93
2025-11-18,4568.193,6617.3198,5534.7
2025-11-19,4588.292,6642.1602,5542.04
2025-11-20,4564.948,6538.7598,5569.91
2025-11-21,4453.608,6602.9902,5515.08
2025-11-24,4448.048,6705.1201,5528.66
2025-11-25,4490.405,6765.8799,5573.9
2025-11-26,4517.626,6812.6099,5655.57
2025-11-28,4526.662,6849.0898,5668.16
2025-12-01,4576.486,6812.6299,5667.47
2025-12-02,4554.335,6829.3701,5686.16
2025-12-03,4531.049,6849.7202,5694.55
2025-12-04,4546.566,6857.1201,5718.07
2025-12-05,4584.537,6870.3999,5723.92
2025-12-08,4621.755,6846.5098,5725.6
2025-12-09,4598.223,6840.5098,5718.33
2025-12-10,4591.827,6886.6802,5708.13
2025-12-11,4552.185,6901.0,5753.97
2025-12-12,4580.95,6827.4102,5720.72
2025-12-15,4552.06,6816.5098,5752.51
2025-12-16,4497.555,6800.2598,5717.82
2025-12-17,4579.875,6721.4302,5681.68
2025-12-18,4552.793,6774.7598,5741.72
2025-12-19,4568.178,6834.5,5760.36
2025-12-22,4611.624,6878.4902,5743.68
2025-12-23,4620.734,6909.79,5749.27
2025-12-24,4634.059,6932.0498,5746.23
2025-12-29,4639.372,6905.7402,5751.7
2025-12-30,4651.282,6896.2402,5796.21
2025-12-31,4629.94,6845.5,5791.4
2026-01-05,4717.746,6902.0498,5923.68
2026-01-06,4790.694,6944.8198,5931.8
2026-01-07,4776.666,6920.9302,5923.58
2026-01-08,4737.654,6921.46,5904.33
2026-01-09,4758.922,6966.2798,5997.48
2026-01-12,4789.916,6977.27,6016.29
2026-01-13,4761.032,6963.7402,6029.82
2026-01-14,4741.931,6926.6001,6005.04
2026-01-15,4751.429,6944.4702,6041.13
2026-01-16,4731.873,6940.0098,6029.44
2026-01-20,4718.878,6796.8599,5892.07
2026-01-21,4723.069,6875.6201,5882.87
2026-01-22,4723.709,6913.3501,5956.16
2026-01-23,4702.497,6915.6099,5948.19
2026-01-26,4706.964,6950.23,5957.81
2026-01-27,4705.692,6978.6001,5994.6
2026-01-28,4717.991,6978.0298,5933.21
2026-01-29,4753.87,6969.0098,5891.96
2026-01-30,4706.34,6939.0298,5947.82
2026-02-02,4605.98,6976.4399,6007.5
2026-02-03,4660.107,6917.8101,5995.34
2026-02-04,4698.683,6882.7202,5970.47
2026-02-05,4670.419,6798.3999,5925.69
2026-02-06,4643.596,6932.2998,5998.39
2026-02-09,4719.056,6964.8198,6059.0
2026-02-10,4724.296,6941.8101,6047.05
2026-02-11,4713.819,6941.4702,6035.63
2026-02-12,4719.578,6832.7598,6011.28
2026-02-13,4660.406,6836.1699,5985.22
2026-02-24,4707.544,6890.0698,6116.61
2026-02-25,4735.886,6946.1299,6173.33
2026-02-26,4726.874,6908.8599,6161.57
2026-02-27,4710.647,6878.8799,6138.42
2026-03-02,4728.669,6881.6201,5986.92
2026-03-03,4655.896,6816.6299,5771.72
2026-03-04,4602.625,6869.5,5870.91
2026-03-05,4647.692,6830.71,5782.88
2026-03-06,4660.439,6740.02,5719.89
2026-03-09,4615.455,6795.9902,5685.19
2026-03-10,4674.756,6781.48,5837.16
2026-03-11,4704.496,6775.7998,5794.67
2026-03-12,4687.56,6672.6201,5748.88
2026-03-13,4669.14,6632.1899,5716.6
2026-03-16,4671.559,6699.3799,5739.0
2026-03-17,4637.439,6716.0898,5769.24
2026-03-18,4658.332,6624.7002,5736.84
2026-03-19,4583.251,6606.4902,5613.82
2026-03-20,4567.018,6506.48,5501.27
2026-03-23,4417.997,6581.0,5574.31
2026-03-24,4474.722,6556.3701,5581.28
2026-03-25,4537.466,6591.8999,5649.32
2026-03-26,4477.534,6477.1602,5565.92
2026-03-27,4502.57,6368.8501,5505.79
2026-03-30,4491.95,6343.7202,5541.78
2026-03-31,4450.049,6528.52,5569.72
2026-04-01,4526.067,6575.3198,5732.7
2026-04-02,4478.914,6582.6899,5692.85
2026-04-07,4440.616,6616.8501,5633.21
2026-04-08,4595.556,6782.8101,5913.36
2026-04-09,4566.224,6824.6602,5896.28
2026-04-10,4636.566,6816.8901,5926.1
2026-04-13,4646.155,6886.2402,5846.75
2026-04-14,4701.284,6967.3799,5984.5
2026-04-15,4685.246,7022.9502,5940.33
2026-04-16,4736.608,7041.2798,5933.27
2026-04-17,4728.672,7126.0601,6057.7
2026-04-20,4757.442,7109.1401,5982.62
2026-04-21,4767.997,7064.0098,5930.24
2026-04-22,4799.627,7137.8999,5906.21
2026-04-23,4786.327,7108.3999,5894.72
2026-04-24,4769.369,7165.0801,5883.47
2026-04-27,4770.947,7173.9102,5860.33
2026-04-28,4758.208,7138.7998,5836.11
2026-04-29,4810.347,7135.9502,5816.49
2026-04-30,4807.307,7209.0098,5881.51
2026-05-06,4877.093,7365.1201,6027.14
2026-05-07,4900.51,7337.1099,5972.66
2026-05-08,4871.912,7398.9302,5911.54
2026-05-11,4951.837,7412.8398,5895.46
2026-05-12,4948.047,7400.96,5808.46
2026-05-13,4998.342,7444.25,5861.07
2026-05-14,4914.597,7501.2402,5934.97
2026-05-15,4859.593,7408.5,5827.77
2026-05-18,4833.524,7403.0498,5849.01
2026-05-19,4852.883,7353.6099,5851.17
2026-05-20,4850.7,7432.9702,5976.08
2026-05-21,4783.098,7445.7202,5960.33
2026-05-22,4845.096,7473.4702,6019.46
2026-05-26,4947.849,7519.1201,6064.16
2026-05-27,4908.171,7520.3599,6070.55
2026-05-28,4914.213,7563.6299,6055.12
2026-05-29,4892.121,7580.0601,6050.55
2026-06-01,4844.256,7599.96,6034.96
2026-06-02,4914.559,7609.7798,6107.86
2026-06-03,4938.809,7553.6802,6053.58
2026-06-04,4904.745,7584.3101,6103.33
2026-06-05,4816.92,7383.7402,6062.08
2026-06-08,4713.636,7405.73,6062.3
2026-06-09,4801.811,7386.6499,6048.55
2026-06-10,4748.593,7266.9902,6009.96
2026-06-11,4722.412,7394.2998,6056.97
2026-06-12,4777.321,7431.46,6187.64
2026-06-15,4891.713,7554.29,6229.44
2026-06-16,4884.232,7511.3501,6257.43
2026-06-17,4931.386,7420.1001,6300.07
2026-06-18,4941.599,7500.5801,6323.28
2026-06-22,5059.658,7472.79,6311.33
2026-06-23,4919.386,7365.46,6230.56
2026-06-24,4943.02,7358.2202,6214.71
2026-06-25,5020.104,7357.4902,6267.54
2026-06-26,4868.221,7354.02,6221.56
2026-06-29,4926.921,7440.4302,6231.64
2026-06-30,4979.433,7499.3599,6328.1
2026-07-01,4958.977,7483.23,6282.51
2026-07-02,4812.296,7483.2402,6360.48
2026-07-06,4841.998,7537.4302,6398.02
2026-07-07,4792.262,7503.8501,6319.87
2026-07-08,4755.534,7482.71,6204.92
2026-07-09,4876.313,7543.6401,6284.28
2026-07-10,4780.787,7575.3901,6269.98
2026-07-13,4695.383,7515.3398,6271.03
2026-07-14,4796.502,7543.5898,6280.2
2026-07-15,4786.783,7572.3999,6265.59
2026-07-16,4698.434,7533.77,6283.61
2026-07-17,4529.095,7457.6899,6230.88
2026-07-20,4598.321,7443.2798,6227.41
2026-07-21,4739.229,7509.2002,6285.63
2026-07-22,4717.244,7498.96,6317.0
2026-07-23,4728.002,7408.2998,6210.18
2026-07-24,4649.192,7411.98,6280.94
2026-07-27,4702.427,7413.1802,6282.22
2026-07-28,4569.524,7428.7798,6289.52
2026-07-29,4600.262,7316.1499,6248.85
2026-07-30,4549.72,7437.6299,6344.41
